against_bug,against_dark,against_dragon,against_electric,against_fairy,against_fight,against_fire,against_flying,against_ghost,against_grass,against_ground,against_ice,against_normal,against_poison,against_psychic,against_rock,against_steel,against_water,name,type1,type_number
1,1,1,0.5,0.5,0.5,2,2,1,0.25,1,2,1,1,2,1,1,0.5,Bulbasaur,grass,1
1,1,1,0.5,0.5,0.5,2,2,1,0.25,1,2,1,1,2,1,1,0.5,Ivysaur,grass,1
1,1,1,0.5,0.5,0.5,2,2,1,0.25,1,2,1,1,2,1,1,0.5,Venusaur,grass,1
0.5,1,1,1,0.5,1,0.5,1,1,0.5,2,0.5,1,1,1,2,0.5,2,Charmander,fire,2
0.5,1,1,1,0.5,1,0.5,1,1,0.5,2,0.5,1,1,1,2,0.5,2,Charmeleon,fire,2
0.25,1,1,2,0.5,0.5,0.5,1,1,0.25,0,1,1,1,1,4,0.5,2,Charizard,fire,2
1,1,1,2,1,1,0.5,1,1,2,1,0.5,1,1,1,1,0.5,0.5,Squirtle,water,3
1,1,1,2,1,1,0.5,1,1,2,1,0.5,1,1,1,1,0.5,0.5,Wartortle,water,3
1,1,1,2,1,1,0.5,1,1,2,1,0.5,1,1,1,1,0.5,0.5,Blastoise,water,3
1,1,1,1,1,0.5,2,2,1,0.5,0.5,1,1,1,1,2,1,1,Caterpie,bug,4
1,1,1,1,1,0.5,2,2,1,0.5,0.5,1,1,1,1,2,1,1,Metapod,bug,4
0.5,1,1,2,1,0.25,2,2,1,0.25,0,2,1,1,1,4,1,1,Butterfree,bug,4
0.5,1,1,1,0.5,0.25,2,2,1,0.25,1,1,1,0.5,2,2,1,1,Weedle,bug,4
0.5,1,1,1,0.5,0.25,2,2,1,0.25,1,1,1,0.5,2,2,1,1,Kakuna,bug,4
0.5,1,1,1,0.5,0.25,2,2,1,0.25,1,1,1,0.5,2,2,1,1,Beedrill,bug,4
0.5,1,1,2,1,1,1,1,0,0.5,0,2,1,1,1,2,1,1,Pidgey,normal,5
0.5,1,1,2,1,1,1,1,0,0.5,0,2,1,1,1,2,1,1,Pidgeotto,normal,5
0.5,1,1,2,1,1,1,1,0,0.5,0,2,1,1,1,2,1,1,Pidgeot,normal,5
1,1,1,1,1,2,1,1,0,1,1,1,1,1,1,1,1,1,Rattata,normal,5
1,1,1,1,1,2,1,1,0,1,1,1,1,1,1,1,1,1,Raticate,normal,5
0.5,1,1,2,1,1,1,1,0,0.5,0,2,1,1,1,2,1,1,Spearow,normal,5
0.5,1,1,2,1,1,1,1,0,0.5,0,2,1,1,1,2,1,1,Fearow,normal,5
0.5,1,1,1,0.5,0.5,1,1,1,0.5,2,1,1,0.5,2,1,1,1,Ekans,poison,6
0.5,1,1,1,0.5,0.5,1,1,1,0.5,2,1,1,0.5,2,1,1,1,Arbok,poison,6
1,1,1,0.5,1,1,1,0.5,1,1,2,1,1,1,1,1,0.5,1,Pikachu,electric,7
1,1,1,0.5,1,1,1,0.5,1,1,2,1,1,1,1,1,0.5,1,Raichu,electric,7
1,1,1,0,1,1,1,1,1,2,1,2,1,0.5,1,0.5,1,2,Sandshrew,ground,8
1,1,1,0,1,1,1,1,1,2,1,2,1,0.5,1,0.5,1,2,Sandslash,ground,8
0.5,1,1,1,0.5,0.5,1,1,1,0.5,2,1,1,0.5,2,1,1,1,Nidoran♀,poison,6
0.5,1,1,1,0.5,0.5,1,1,1,0.5,2,1,1,0.5,2,1,1,1,Nidorina,poison,6
0.5,1,1,0,0.5,0.5,1,1,1,1,2,2,1,0.25,2,0.5,1,2,Nidoqueen,poison,6
0.5,1,1,1,0.5,0.5,1,1,1,0.5,2,1,1,0.5,2,1,1,1,Nidoran♂,poison,6
0.5,1,1,1,0.5,0.5,1,1,1,0.5,2,1,1,0.5,2,1,1,1,Nidorino,poison,6
0.5,1,1,0,0.5,0.5,1,1,1,1,2,2,1,0.25,2,0.5,1,2,Nidoking,poison,6
0.5,0.5,0,1,1,0.5,1,1,1,1,1,1,1,2,1,1,2,1,Clefairy,fairy,9
0.5,0.5,0,1,1,0.5,1,1,1,1,1,1,1,2,1,1,2,1,Clefable,fairy,9
0.5,1,1,1,0.5,1,0.5,1,1,0.5,2,0.5,1,1,1,2,0.5,2,Vulpix,fire,2
0.5,1,1,1,0.5,1,0.5,1,1,0.5,2,0.5,1,1,1,2,0.5,2,Ninetales,fire,2
0.5,0.5,0,1,1,1,1,1,0,1,1,1,1,2,1,1,2,1,Jigglypuff,normal,5
0.5,0.5,0,1,1,1,1,1,0,1,1,1,1,2,1,1,2,1,Wigglytuff,normal,5
0.25,1,1,2,0.5,0.25,1,1,1,0.25,0,2,1,0.5,2,2,1,1,Zubat,poison,6
0.25,1,1,2,0.5,0.25,1,1,1,0.25,0,2,1,0.5,2,2,1,1,Golbat,poison,6
1,1,1,0.5,0.5,0.5,2,2,1,0.25,1,2,1,1,2,1,1,0.5,Oddish,grass,1
1,1,1,0.5,0.5,0.5,2,2,1,0.25,1,2,1,1,2,1,1,0.5,Gloom,grass,1
1,1,1,0.5,0.5,0.5,2,2,1,0.25,1,2,1,1,2,1,1,0.5,Vileplume,grass,1
2,1,1,0.5,1,0.5,4,4,1,0.25,0.25,2,1,2,1,2,1,0.5,Paras,bug,4
2,1,1,0.5,1,0.5,4,4,1,0.25,0.25,2,1,2,1,2,1,0.5,Parasect,bug,4
0.5,1,1,1,0.5,0.25,2,2,1,0.25,1,1,1,0.5,2,2,1,1,Venonat,bug,4
0.5,1,1,1,0.5,0.25,2,2,1,0.25,1,1,1,0.5,2,2,1,1,Venomoth,bug,4
1,1,1,0,1,1,1,1,1,2,1,2,1,0.5,1,0.5,1,2,Diglett,ground,8
1,1,1,0,1,1,1,1,1,2,1,2,1,0.5,1,0.5,1,2,Dugtrio,ground,8
1,1,1,1,1,2,1,1,0,1,1,1,1,1,1,1,1,1,Meowth,normal,5
1,1,1,1,1,2,1,1,0,1,1,1,1,1,1,1,1,1,Persian,normal,5
1,1,1,2,1,1,0.5,1,1,2,1,0.5,1,1,1,1,0.5,0.5,Psyduck,water,3
1,1,1,2,1,1,0.5,1,1,2,1,0.5,1,1,1,1,0.5,0.5,Golduck,water,3
0.5,0.5,1,1,2,1,1,2,1,1,1,1,1,1,2,0.5,1,1,Mankey,fighting,10
0.5,0.5,1,1,2,1,1,2,1,1,1,1,1,1,2,0.5,1,1,Primeape,fighting,10
0.5,1,1,1,0.5,1,0.5,1,1,0.5,2,0.5,1,1,1,2,0.5,2,Growlithe,fire,2
0.5,1,1,1,0.5,1,0.5,1,1,0.5,2,0.5,1,1,1,2,0.5,2,Arcanine,fire,2
1,1,1,2,1,1,0.5,1,1,2,1,0.5,1,1,1,1,0.5,0.5,Poliwag,water,3
1,1,1,2,1,1,0.5,1,1,2,1,0.5,1,1,1,1,0.5,0.5,Poliwhirl,water,3
0.5,0.5,1,2,2,1,0.5,2,1,2,1,0.5,1,1,2,0.5,0.5,0.5,Poliwrath,water,3
2,2,1,1,1,0.5,1,1,2,1,1,1,1,1,0.5,1,1,1,Abra,psychic,11
2,2,1,1,1,0.5,1,1,2,1,1,1,1,1,0.5,1,1,1,Kadabra,psychic,11
2,2,1,1,1,0.5,1,1,2,1,1,1,1,1,0.5,1,1,1,Alakazam,psychic,11
0.5,0.5,1,1,2,1,1,2,1,1,1,1,1,1,2,0.5,1,1,Machop,fighting,10
0.5,0.5,1,1,2,1,1,2,1,1,1,1,1,1,2,0.5,1,1,Machoke,fighting,10
0.5,0.5,1,1,2,1,1,2,1,1,1,1,1,1,2,0.5,1,1,Machamp,fighting,10
1,1,1,0.5,0.5,0.5,2,2,1,0.25,1,2,1,1,2,1,1,0.5,Bellsprout,grass,1
1,1,1,0.5,0.5,0.5,2,2,1,0.25,1,2,1,1,2,1,1,0.5,Weepinbell,grass,1
1,1,1,0.5,0.5,0.5,2,2,1,0.25,1,2,1,1,2,1,1,0.5,Victreebel,grass,1
0.5,1,1,2,0.5,0.5,0.5,1,1,1,2,0.5,1,0.5,2,1,0.5,0.5,Tentacool,water,3
0.5,1,1,2,0.5,0.5,0.5,1,1,1,2,0.5,1,0.5,2,1,0.5,0.5,Tentacruel,water,3
1,1,1,0,1,2,0.5,0.5,1,4,2,2,0.5,0.25,1,0.5,2,4,Geodude,rock,12
1,1,1,0,1,2,0.5,0.5,1,4,2,2,0.5,0.25,1,0.5,2,4,Graveler,rock,12
1,1,1,0,1,2,0.5,0.5,1,4,2,2,0.5,0.25,1,0.5,2,4,Golem,rock,12
0.5,1,1,1,0.5,1,0.5,1,1,0.5,2,0.5,1,1,1,2,0.5,2,Ponyta,fire,2
0.5,1,1,1,0.5,1,0.5,1,1,0.5,2,0.5,1,1,1,2,0.5,2,Rapidash,fire,2
2,2,1,2,1,0.5,0.5,1,2,2,1,0.5,1,1,0.5,1,0.5,0.5,Slowpoke,water,3
2,2,1,2,1,0.5,0.5,1,2,2,1,0.5,1,1,0.5,1,0.5,0.5,Slowbro,water,3
0.5,1,0.5,0.5,0.5,2,2,0.25,1,0.5,4,0.5,0.5,0,0.5,0.5,0.25,1,Magnemite,electric,7
0.5,1,0.5,0.5,0.5,2,2,0.25,1,0.5,4,0.5,0.5,0,0.5,0.5,0.25,1,Magneton,electric,7
0.5,1,1,2,1,1,1,1,0,0.5,0,2,1,1,1,2,1,1,Farfetch'd,normal,5
0.5,1,1,2,1,1,1,1,0,0.5,0,2,1,1,1,2,1,1,Doduo,normal,5
0.5,1,1,2,1,1,1,1,0,0.5,0,2,1,1,1,2,1,1,Dodrio,normal,5
1,1,1,2,1,1,0.5,1,1,2,1,0.5,1,1,1,1,0.5,0.5,Seel,water,3
1,1,1,2,1,2,1,1,1,2,1,0.25,1,1,1,2,1,0.5,Dewgong,water,3
0.5,1,1,1,0.5,0.5,1,1,1,0.5,2,1,1,0.5,2,1,1,1,Grimer,poison,6
0.5,1,1,1,0.5,0.5,1,1,1,0.5,2,1,1,0.5,2,1,1,1,Muk,poison,6
1,1,1,2,1,1,0.5,1,1,2,1,0.5,1,1,1,1,0.5,0.5,Shellder,water,3
1,1,1,2,1,2,1,1,1,2,1,0.25,1,1,1,2,1,0.5,Cloyster,water,3
0.25,2,1,1,0.5,0,1,1,2,0.5,2,1,0,0.25,2,1,1,1,Gastly,ghost,13
0.25,2,1,1,0.5,0,1,1,2,0.5,2,1,0,0.25,2,1,1,1,Haunter,ghost,13
0.25,2,1,1,0.5,0,1,1,2,0.5,2,1,0,0.25,2,1,1,1,Gengar,ghost,13
1,1,1,0,1,2,0.5,0.5,1,4,2,2,0.5,0.25,1,0.5,2,4,Onix,rock,12
2,2,1,1,1,0.5,1,1,2,1,1,1,1,1,0.5,1,1,1,Drowzee,psychic,11
2,2,1,1,1,0.5,1,1,2,1,1,1,1,1,0.5,1,1,1,Hypno,psychic,11
1,1,1,2,1,1,0.5,1,1,2,1,0.5,1,1,1,1,0.5,0.5,Krabby,water,3
1,1,1,2,1,1,0.5,1,1,2,1,0.5,1,1,1,1,0.5,0.5,Kingler,water,3
1,1,1,0.5,1,1,1,0.5,1,1,2,1,1,1,1,1,0.5,1,Voltorb,electric,7
1,1,1,0.5,1,1,1,0.5,1,1,2,1,1,1,1,1,0.5,1,Electrode,electric,7
4,2,1,0.5,1,0.5,2,2,2,0.5,0.5,2,1,2,0.5,1,1,0.5,Exeggcute,grass,1
4,2,1,0.5,1,0.5,2,2,2,0.5,0.5,2,1,2,0.5,1,1,0.5,Exeggutor,grass,1
1,1,1,0,1,1,1,1,1,2,1,2,1,0.5,1,0.5,1,2,Cubone,ground,8
1,1,1,0,1,1,1,1,1,2,1,2,1,0.5,1,0.5,1,2,Marowak,ground,8
0.5,0.5,1,1,2,1,1,2,1,1,1,1,1,1,2,0.5,1,1,Hitmonlee,fighting,10
0.5,0.5,1,1,2,1,1,2,1,1,1,1,1,1,2,0.5,1,1,Hitmonchan,fighting,10
1,1,1,1,1,2,1,1,0,1,1,1,1,1,1,1,1,1,Lickitung,normal,5
0.5,1,1,1,0.5,0.5,1,1,1,0.5,2,1,1,0.5,2,1,1,1,Koffing,poison,6
0.5,1,1,1,0.5,0.5,1,1,1,0.5,2,1,1,0.5,2,1,1,1,Weezing,poison,6
1,1,1,0,1,2,0.5,0.5,1,4,2,2,0.5,0.25,1,0.5,2,4,Rhyhorn,ground,8
1,1,1,0,1,2,0.5,0.5,1,4,2,2,0.5,0.25,1,0.5,2,4,Rhydon,ground,8
1,1,1,1,1,2,1,1,0,1,1,1,1,1,1,1,1,1,Chansey,normal,5
2,1,1,0.5,1,1,2,2,1,0.5,0.5,2,1,2,1,1,1,0.5,Tangela,grass,1
1,1,1,1,1,2,1,1,0,1,1,1,1,1,1,1,1,1,Kangaskhan,normal,5
1,1,1,2,1,1,0.5,1,1,2,1,0.5,1,1,1,1,0.5,0.5,Horsea,water,3
1,1,1,2,1,1,0.5,1,1,2,1,0.5,1,1,1,1,0.5,0.5,Seadra,water,3
1,1,1,2,1,1,0.5,1,1,2,1,0.5,1,1,1,1,0.5,0.5,Goldeen,water,3
1,1,1,2,1,1,0.5,1,1,2,1,0.5,1,1,1,1,0.5,0.5,Seaking,water,3
1,1,1,2,1,1,0.5,1,1,2,1,0.5,1,1,1,1,0.5,0.5,Staryu,water,3
2,2,1,2,1,0.5,0.5,1,2,2,1,0.5,1,1,0.5,1,0.5,0.5,Starmie,water,3
1,1,0,1,1,0.25,1,1,2,1,1,1,1,2,0.5,1,2,1,Mr. Mime,psychic,11
0.5,1,1,2,1,0.25,2,2,1,0.25,0,2,1,1,1,4,1,1,Scyther,bug,4
2,2,1,1,1,1,2,1,2,1,1,0.5,1,1,0.5,2,2,1,Jynx,ice,14
1,1,1,0.5,1,1,1,0.5,1,1,2,1,1,1,1,1,0.5,1,Electabuzz,electric,7
0.5,1,1,1,0.5,1,0.5,1,1,0.5,2,0.5,1,1,1,2,0.5,2,Magmar,fire,2
1,1,1,1,1,0.5,2,2,1,0.5,0.5,1,1,1,1,2,1,1,Pinsir,bug,4
1,1,1,1,1,2,1,1,0,1,1,1,1,1,1,1,1,1,Tauros,normal,5
1,1,1,2,1,1,0.5,1,1,2,1,0.5,1,1,1,1,0.5,0.5,Magikarp,water,3
0.5,1,1,4,1,0.5,0.5,1,1,1,0,1,1,1,1,2,0.5,0.5,Gyarados,water,3
1,1,1,2,1,2,1,1,1,2,1,0.25,1,1,1,2,1,0.5,Lapras,water,3
1,1,1,1,1,2,1,1,0,1,1,1,1,1,1,1,1,1,Ditto,normal,5
1,1,1,1,1,2,1,1,0,1,1,1,1,1,1,1,1,1,Eevee,normal,5
1,1,1,2,1,1,0.5,1,1,2,1,0.5,1,1,1,1,0.5,0.5,Vaporeon,water,3
1,1,1,0.5,1,1,1,0.5,1,1,2,1,1,1,1,1,0.5,1,Jolteon,electric,7
0.5,1,1,1,0.5,1,0.5,1,1,0.5,2,0.5,1,1,1,2,0.5,2,Flareon,fire,2
1,1,1,1,1,2,1,1,0,1,1,1,1,1,1,1,1,1,Porygon,normal,5
1,1,1,2,1,2,0.25,0.5,1,4,2,0.5,0.5,0.5,1,1,1,1,Omanyte,rock,12
1,1,1,2,1,2,0.25,0.5,1,4,2,0.5,0.5,0.5,1,1,1,1,Omastar,rock,12
1,1,1,2,1,2,0.25,0.5,1,4,2,0.5,0.5,0.5,1,1,1,1,Kabuto,rock,12
1,1,1,2,1,2,0.25,0.5,1,4,2,0.5,0.5,0.5,1,1,1,1,Kabutops,rock,12
0.5,1,1,2,1,1,0.5,0.5,1,1,0,2,0.5,0.5,1,2,2,2,Aerodactyl,rock,12
1,1,1,1,1,2,1,1,0,1,1,1,1,1,1,1,1,1,Snorlax,normal,5
0.5,1,1,2,1,1,2,1,1,0.5,0,1,1,1,1,4,2,1,Articuno,ice,14
0.5,1,1,1,1,0.5,1,0.5,1,0.5,0,2,1,1,1,2,0.5,1,Zapdos,electric,7
0.25,1,1,2,0.5,0.5,0.5,1,1,0.25,0,1,1,1,1,4,0.5,2,Moltres,fire,2
1,1,2,0.5,2,1,0.5,1,1,0.5,1,2,1,1,1,1,1,0.5,Dratini,dragon,15
1,1,2,0.5,2,1,0.5,1,1,0.5,1,2,1,1,1,1,1,0.5,Dragonair,dragon,15
0.5,1,2,1,2,0.5,0.5,1,1,0.25,0,4,1,1,1,2,1,0.5,Dragonite,dragon,15
2,2,1,1,1,0.5,1,1,2,1,1,1,1,1,0.5,1,1,1,Mewtwo,psychic,11
2,2,1,1,1,0.5,1,1,2,1,1,1,1,1,0.5,1,1,1,Mew,psychic,11
2,1,1,0.5,1,1,2,2,1,0.5,0.5,2,1,2,1,1,1,0.5,Chikorita,grass,1
2,1,1,0.5,1,1,2,2,1,0.5,0.5,2,1,2,1,1,1,0.5,Bayleef,grass,1
2,1,1,0.5,1,1,2,2,1,0.5,0.5,2,1,2,1,1,1,0.5,Meganium,grass,1
0.5,1,1,1,0.5,1,0.5,1,1,0.5,2,0.5,1,1,1,2,0.5,2,Cyndaquil,fire,2
0.5,1,1,1,0.5,1,0.5,1,1,0.5,2,0.5,1,1,1,2,0.5,2,Quilava,fire,2
0.5,1,1,1,0.5,1,0.5,1,1,0.5,2,0.5,1,1,1,2,0.5,2,Typhlosion,fire,2
1,1,1,2,1,1,0.5,1,1,2,1,0.5,1,1,1,1,0.5,0.5,Totodile,water,3
1,1,1,2,1,1,0.5,1,1,2,1,0.5,1,1,1,1,0.5,0.5,Croconaw,water,3
1,1,1,2,1,1,0.5,1,1,2,1,0.5,1,1,1,1,0.5,0.5,Feraligatr,water,3
1,1,1,1,1,2,1,1,0,1,1,1,1,1,1,1,1,1,Sentret,normal,5
1,1,1,1,1,2,1,1,0,1,1,1,1,1,1,1,1,1,Furret,normal,5
0.5,1,1,2,1,1,1,1,0,0.5,0,2,1,1,1,2,1,1,Hoothoot,normal,5
0.5,1,1,2,1,1,1,1,0,0.5,0,2,1,1,1,2,1,1,Noctowl,normal,5
0.5,1,1,2,1,0.25,2,2,1,0.25,0,2,1,1,1,4,1,1,Ledyba,bug,4
0.5,1,1,2,1,0.25,2,2,1,0.25,0,2,1,1,1,4,1,1,Ledian,bug,4
0.5,1,1,1,0.5,0.25,2,2,1,0.25,1,1,1,0.5,2,2,1,1,Spinarak,bug,4
0.5,1,1,1,0.5,0.25,2,2,1,0.25,1,1,1,0.5,2,2,1,1,Ariados,bug,4
0.25,1,1,2,0.5,0.25,1,1,1,0.25,0,2,1,0.5,2,2,1,1,Crobat,poison,6
1,1,1,1,1,1,0.5,0.5,1,2,2,0.5,1,1,1,1,0.25,0.5,Chinchou,water,3
1,1,1,1,1,1,0.5,0.5,1,2,2,0.5,1,1,1,1,0.25,0.5,Lanturn,water,3
1,1,1,0.5,1,1,1,0.5,1,1,2,1,1,1,1,1,0.5,1,Pichu,electric,7
0.5,0.5,0,1,1,0.5,1,1,1,1,1,1,1,2,1,1,2,1,Cleffa,fairy,9
0.5,0.5,0,1,1,1,1,1,0,1,1,1,1,2,1,1,2,1,Igglybuff,normal,5
0.5,0.5,0,1,1,0.5,1,1,1,1,1,1,1,2,1,1,2,1,Togepi,fairy,9
0.25,0.5,0,2,1,0.25,1,1,1,0.5,0,2,1,2,1,2,2,1,Togetic,fairy,9
1,2,1,2,1,0.25,1,1,2,0.5,0,2,1,1,0.5,2,1,1,Natu,psychic,11
1,2,1,2,1,0.25,1,1,2,0.5,0,2,1,1,0.5,2,1,1,Xatu,psychic,11
1,1,1,0.5,1,1,1,0.5,1,1,2,1,1,1,1,1,0.5,1,Mareep,electric,7
1,1,1,0.5,1,1,1,0.5,1,1,2,1,1,1,1,1,0.5,1,Flaaffy,electric,7
1,1,1,0.5,1,1,1,0.5,1,1,2,1,1,1,1,1,0.5,1,Ampharos,electric,7
2,1,1,0.5,1,1,2,2,1,0.5,0.5,2,1,2,1,1,1,0.5,Bellossom,grass,1
0.5,0.5,0,2,1,0.5,0.5,1,1,2,1,0.5,1,2,1,1,1,0.5,Marill,water,3
0.5,0.5,0,2,1,0.5,0.5,1,1,2,1,0.5,1,2,1,1,1,0.5,Azumarill,water,3
1,1,1,1,1,2,0.5,0.5,1,2,2,1,0.5,0.5,1,1,2,2,Sudowoodo,rock,12
1,1,1,2,1,1,0.5,1,1,2,1,0.5,1,1,1,1,0.5,0.5,Politoed,water,3
1,1,1,1,1,0.5,2,2,1,0.25,0,4,1,2,1,2,1,0.5,Hoppip,grass,1
1,1,1,1,1,0.5,2,2,1,0.25,0,4,1,2,1,2,1,0.5,Skiploom,grass,1
1,1,1,1,1,0.5,2,2,1,0.25,0,4,1,2,1,2,1,0.5,Jumpluff,grass,1
1,1,1,1,1,2,1,1,0,1,1,1,1,1,1,1,1,1,Aipom,normal,5
2,1,1,0.5,1,1,2,2,1,0.5,0.5,2,1,2,1,1,1,0.5,Sunkern,grass,1
2,1,1,0.5,1,1,2,2,1,0.5,0.5,2,1,2,1,1,1,0.5,Sunflora,grass,1
0.5,1,1,2,1,0.25,2,2,1,0.25,0,2,1,1,1,4,1,1,Yanma,bug,4
1,1,1,0,1,1,0.5,1,1,4,1,1,1,0.5,1,0.5,0.5,1,Wooper,water,3
1,1,1,0,1,1,0.5,1,1,4,1,1,1,0.5,1,0.5,0.5,1,Quagsire,water,3
2,2,1,1,1,0.5,1,1,2,1,1,1,1,1,0.5,1,1,1,Espeon,psychic,11
2,0.5,1,1,2,2,1,1,0.5,1,1,1,1,1,0,1,1,1,Umbreon,dark,16
1,0.5,1,2,2,1,1,1,0.5,0.5,0,2,1,1,0,2,1,1,Murkrow,dark,16
2,2,1,2,1,0.5,0.5,1,2,2,1,0.5,1,1,0.5,1,0.5,0.5,Slowking,water,3
0.5,2,1,1,1,0,1,1,2,1,1,1,0,0.5,1,1,1,1,Misdreavus,ghost,13
2,2,1,1,1,0.5,1,1,2,1,1,1,1,1,0.5,1,1,1,Unown,psychic,11
2,2,1,1,1,0.5,1,1,2,1,1,1,1,1,0.5,1,1,1,Wobbuffet,psychic,11
2,2,1,1,1,1,1,1,0,1,1,1,1,1,0.5,1,1,1,Girafarig,normal,5
1,1,1,1,1,0.5,2,2,1,0.5,0.5,1,1,1,1,2,1,1,Pineco,bug,4
0.5,1,0.5,1,0.5,1,4,1,1,0.25,1,0.5,0.5,0,0.5,1,0.5,1,Forretress,bug,4
1,1,1,1,1,2,1,1,0,1,1,1,1,1,1,1,1,1,Dunsparce,normal,5
0.5,1,1,0,1,0.5,1,1,1,1,0,4,1,0.5,1,1,1,2,Gligar,ground,8
0.5,1,0.5,0,0.5,2,2,0.5,1,1,2,1,0.5,0,0.5,0.25,0.5,2,Steelix,steel,17
0.5,0.5,0,1,1,0.5,1,1,1,1,1,1,1,2,1,1,2,1,Snubbull,fairy,9
0.5,0.5,0,1,1,0.5,1,1,1,1,1,1,1,2,1,1,2,1,Granbull,fairy,9
0.5,1,1,2,0.5,0.5,0.5,1,1,1,2,0.5,1,0.5,2,1,0.5,0.5,Qwilfish,water,3
0.5,1,0.5,1,0.5,1,4,1,1,0.25,1,0.5,0.5,0,0.5,1,0.5,1,Scizor,bug,4
1,1,1,1,1,1,1,1,1,1,1,1,0.5,0.5,1,2,2,2,Shuckle,bug,4
0.5,0.5,1,1,2,0.5,2,4,1,0.5,0.5,1,1,1,2,1,1,1,Heracross,bug,4
2,0.5,1,1,2,4,2,1,0.5,1,1,0.5,1,1,0,2,2,1,Sneasel,dark,16
1,1,1,1,1,2,1,1,0,1,1,1,1,1,1,1,1,1,Teddiursa,normal,5
1,1,1,1,1,2,1,1,0,1,1,1,1,1,1,1,1,1,Ursaring,normal,5
0.5,1,1,1,0.5,1,0.5,1,1,0.5,2,0.5,1,1,1,2,0.5,2,Slugma,fire,2
0.5,1,1,1,0.5,2,0.25,0.5,1,1,4,0.5,0.5,0.5,1,2,1,4,Magcargo,fire,2
1,1,1,0,1,2,2,1,1,2,1,1,1,0.5,1,1,2,2,Swinub,ice,14
1,1,1,0,1,2,2,1,1,2,1,1,1,0.5,1,1,2,2,Piloswine,ice,14
1,1,1,2,1,2,0.25,0.5,1,4,2,0.5,0.5,0.5,1,1,1,1,Corsola,water,3
1,1,1,2,1,1,0.5,1,1,2,1,0.5,1,1,1,1,0.5,0.5,Remoraid,water,3
1,1,1,2,1,1,0.5,1,1,2,1,0.5,1,1,1,1,0.5,0.5,Octillery,water,3
0.5,1,1,2,1,1,2,1,1,0.5,0,1,1,1,1,4,2,1,Delibird,ice,14
0.5,1,1,4,1,0.5,0.5,1,1,1,0,1,1,1,1,2,0.5,0.5,Mantine,water,3
0.25,1,0.5,2,0.5,1,2,0.5,1,0.25,0,1,0.5,0,0.5,1,0.5,1,Skarmory,steel,17
1,0.5,1,1,1,2,0.5,1,0.5,0.5,2,0.5,1,1,0,2,0.5,2,Houndour,dark,16
1,0.5,1,1,1,2,0.5,1,0.5,0.5,2,0.5,1,1,0,2,0.5,2,Houndoom,dark,16
1,1,2,1,2,1,0.25,1,1,1,1,1,1,1,1,1,0.5,0.25,Kingdra,water,3
1,1,1,0,1,1,1,1,1,2,1,2,1,0.5,1,0.5,1,2,Phanpy,ground,8
1,1,1,0,1,1,1,1,1,2,1,2,1,0.5,1,0.5,1,2,Donphan,ground,8
1,1,1,1,1,2,1,1,0,1,1,1,1,1,1,1,1,1,Porygon2,normal,5
1,1,1,1,1,2,1,1,0,1,1,1,1,1,1,1,1,1,Stantler,normal,5
1,1,1,1,1,2,1,1,0,1,1,1,1,1,1,1,1,1,Smeargle,normal,5
0.5,0.5,1,1,2,1,1,2,1,1,1,1,1,1,2,0.5,1,1,Tyrogue,fighting,10
0.5,0.5,1,1,2,1,1,2,1,1,1,1,1,1,2,0.5,1,1,Hitmontop,fighting,10
2,2,1,1,1,1,2,1,2,1,1,0.5,1,1,0.5,2,2,1,Smoochum,ice,14
1,1,1,0.5,1,1,1,0.5,1,1,2,1,1,1,1,1,0.5,1,Elekid,electric,7
0.5,1,1,1,0.5,1,0.5,1,1,0.5,2,0.5,1,1,1,2,0.5,2,Magby,fire,2
1,1,1,1,1,2,1,1,0,1,1,1,1,1,1,1,1,1,Miltank,normal,5
1,1,1,1,1,2,1,1,0,1,1,1,1,1,1,1,1,1,Blissey,normal,5
1,1,1,0.5,1,1,1,0.5,1,1,2,1,1,1,1,1,0.5,1,Raikou,electric,7
0.5,1,1,1,0.5,1,0.5,1,1,0.5,2,0.5,1,1,1,2,0.5,2,Entei,fire,2
1,1,1,2,1,1,0.5,1,1,2,1,0.5,1,1,1,1,0.5,0.5,Suicune,water,3
1,1,1,0,1,2,0.5,0.5,1,4,2,2,0.5,0.25,1,0.5,2,4,Larvitar,rock,12
1,1,1,0,1,2,0.5,0.5,1,4,2,2,0.5,0.25,1,0.5,2,4,Pupitar,rock,12
2,0.5,1,1,2,4,0.5,0.5,0.5,2,2,1,0.5,0.5,0,1,2,2,Tyranitar,rock,12
1,2,1,2,1,0.25,1,1,2,0.5,0,2,1,1,0.5,2,1,1,Lugia,psychic,11
0.25,1,1,2,0.5,0.5,0.5,1,1,0.25,0,1,1,1,1,4,0.5,2,Ho-Oh,fire,2
4,2,1,0.5,1,0.5,2,2,2,0.5,0.5,2,1,2,0.5,1,1,0.5,Celebi,psychic,11
2,1,1,0.5,1,1,2,2,1,0.5,0.5,2,1,2,1,1,1,0.5,Treecko,grass,1
2,1,1,0.5,1,1,2,2,1,0.5,0.5,2,1,2,1,1,1,0.5,Grovyle,grass,1
2,1,1,0.5,1,1,2,2,1,0.5,0.5,2,1,2,1,1,1,0.5,Sceptile,grass,1
0.5,1,1,1,0.5,1,0.5,1,1,0.5,2,0.5,1,1,1,2,0.5,2,Torchic,fire,2
0.25,0.5,1,1,1,1,0.5,2,1,0.5,2,0.5,1,1,2,1,0.5,2,Combusken,fire,2
0.25,0.5,1,1,1,1,0.5,2,1,0.5,2,0.5,1,1,2,1,0.5,2,Blaziken,fire,2
1,1,1,2,1,1,0.5,1,1,2,1,0.5,1,1,1,1,0.5,0.5,Mudkip,water,3
1,1,1,0,1,1,0.5,1,1,4,1,1,1,0.5,1,0.5,0.5,1,Marshtomp,water,3
1,1,1,0,1,1,0.5,1,1,4,1,1,1,0.5,1,0.5,0.5,1,Swampert,water,3
2,0.5,1,1,2,2,1,1,0.5,1,1,1,1,1,0,1,1,1,Poochyena,dark,16
2,0.5,1,1,2,2,1,1,0.5,1,1,1,1,1,0,1,1,1,Mightyena,dark,16
1,1,1,1,1,2,1,1,0,1,1,1,1,1,1,1,1,1,Zigzagoon,normal,5
1,1,1,1,1,2,1,1,0,1,1,1,1,1,1,1,1,1,Linoone,normal,5
1,1,1,1,1,0.5,2,2,1,0.5,0.5,1,1,1,1,2,1,1,Wurmple,bug,4
1,1,1,1,1,0.5,2,2,1,0.5,0.5,1,1,1,1,2,1,1,Silcoon,bug,4
0.5,1,1,2,1,0.25,2,2,1,0.25,0,2,1,1,1,4,1,1,Beautifly,bug,4
1,1,1,1,1,0.5,2,2,1,0.5,0.5,1,1,1,1,2,1,1,Cascoon,bug,4
0.5,1,1,1,0.5,0.25,2,2,1,0.25,1,1,1,0.5,2,2,1,1,Dustox,bug,4
2,1,1,1,1,1,1,2,1,1,0.5,1,1,2,1,1,0.5,0.25,Lotad,water,3
2,1,1,1,1,1,1,2,1,1,0.5,1,1,2,1,1,0.5,0.25,Lombre,water,3
2,1,1,1,1,1,1,2,1,1,0.5,1,1,2,1,1,0.5,0.25,Ludicolo,water,3
2,1,1,0.5,1,1,2,2,1,0.5,0.5,2,1,2,1,1,1,0.5,Seedot,grass,1
4,0.5,1,0.5,2,2,2,2,0.5,0.5,0.5,2,1,2,0,1,1,0.5,Nuzleaf,grass,1
4,0.5,1,0.5,2,2,2,2,0.5,0.5,0.5,2,1,2,0,1,1,0.5,Shiftry,grass,1
0.5,1,1,2,1,1,1,1,0,0.5,0,2,1,1,1,2,1,1,Taillow,normal,5
0.5,1,1,2,1,1,1,1,0,0.5,0,2,1,1,1,2,1,1,Swellow,normal,5
0.5,1,1,4,1,0.5,0.5,1,1,1,0,1,1,1,1,2,0.5,0.5,Wingull,water,3
0.5,1,1,4,1,0.5,0.5,1,1,1,0,1,1,1,1,2,0.5,0.5,Pelipper,water,3
1,1,0,1,1,0.25,1,1,2,1,1,1,1,2,0.5,1,2,1,Ralts,psychic,11
1,1,0,1,1,0.25,1,1,2,1,1,1,1,2,0.5,1,2,1,Kirlia,psychic,11
1,1,0,1,1,0.25,1,1,2,1,1,1,1,2,0.5,1,2,1,Gardevoir,psychic,11
1,1,1,2,1,0.5,1,2,1,1,0.5,0.5,1,1,1,2,0.5,0.5,Surskit,bug,4
0.5,1,1,2,1,0.25,2,2,1,0.25,0,2,1,1,1,4,1,1,Masquerain,bug,4
2,1,1,0.5,1,1,2,2,1,0.5,0.5,2,1,2,1,1,1,0.5,Shroomish,grass,1
1,0.5,1,0.5,2,1,2,4,1,0.5,0.5,2,1,2,2,0.5,1,0.5,Breloom,grass,1
1,1,1,1,1,2,1,1,0,1,1,1,1,1,1,1,1,1,Slakoth,normal,5
1,1,1,1,1,2,1,1,0,1,1,1,1,1,1,1,1,1,Vigoroth,normal,5
1,1,1,1,1,2,1,1,0,1,1,1,1,1,1,1,1,1,Slaking,normal,5
1,1,1,0,1,0.5,2,2,1,1,0.5,2,1,0.5,1,1,1,2,Nincada,bug,4
0.5,1,1,2,1,0.25,2,2,1,0.25,0,2,1,1,1,4,1,1,Ninjask,bug,4
0.5,2,1,1,1,0,2,2,2,0.5,0.5,1,0,0.5,1,2,1,1,Shedinja,bug,4
1,1,1,1,1,2,1,1,0,1,1,1,1,1,1,1,1,1,Whismur,normal,5
1,1,1,1,1,2,1,1,0,1,1,1,1,1,1,1,1,1,Loudred,normal,5
1,1,1,1,1,2,1,1,0,1,1,1,1,1,1,1,1,1,Exploud,normal,5
0.5,0.5,1,1,2,1,1,2,1,1,1,1,1,1,2,0.5,1,1,Makuhita,fighting,10
0.5,0.5,1,1,2,1,1,2,1,1,1,1,1,1,2,0.5,1,1,Hariyama,fighting,10
0.5,0.5,0,1,1,1,1,1,0,1,1,1,1,2,1,1,2,1,Azurill,normal,5
1,1,1,1,1,2,0.5,0.5,1,2,2,1,0.5,0.5,1,1,2,2,Nosepass,rock,12
1,1,1,1,1,2,1,1,0,1,1,1,1,1,1,1,1,1,Skitty,normal,5
1,1,1,1,1,2,1,1,0,1,1,1,1,1,1,1,1,1,Delcatty,normal,5
1,1,1,1,2,0,1,1,1,1,1,1,0,0.5,0,1,1,1,Sableye,dark,16
0.25,0.5,0,1,0.5,1,2,0.5,1,0.5,2,0.5,0.5,0,0.5,0.5,1,1,Mawile,steel,17
0.5,1,0.5,1,0.5,4,1,0.25,1,1,4,0.5,0.25,0,0.5,0.5,1,2,Aron,steel,17
0.5,1,0.5,1,0.5,4,1,0.25,1,1,4,0.5,0.25,0,0.5,0.5,1,2,Lairon,steel,17
0.5,1,0.5,1,0.5,4,1,0.25,1,1,4,0.5,0.25,0,0.5,0.5,1,2,Aggron,steel,17
1,1,1,1,2,0.5,1,2,2,1,1,1,1,1,1,0.5,1,1,Meditite,fighting,10
1,1,1,1,2,0.5,1,2,2,1,1,1,1,1,1,0.5,1,1,Medicham,fighting,10
1,1,1,0.5,1,1,1,0.5,1,1,2,1,1,1,1,1,0.5,1,Electrike,electric,7
1,1,1,0.5,1,1,1,0.5,1,1,2,1,1,1,1,1,0.5,1,Manectric,electric,7
1,1,1,0.5,1,1,1,0.5,1,1,2,1,1,1,1,1,0.5,1,Plusle,electric,7
1,1,1,0.5,1,1,1,0.5,1,1,2,1,1,1,1,1,0.5,1,Minun,electric,7
1,1,1,1,1,0.5,2,2,1,0.5,0.5,1,1,1,1,2,1,1,Volbeat,bug,4
1,1,1,1,1,0.5,2,2,1,0.5,0.5,1,1,1,1,2,1,1,Illumise,bug,4
1,1,1,0.5,0.5,0.5,2,2,1,0.25,1,2,1,1,2,1,1,0.5,Roselia,grass,1
0.5,1,1,1,0.5,0.5,1,1,1,0.5,2,1,1,0.5,2,1,1,1,Gulpin,poison,6
0.5,1,1,1,0.5,0.5,1,1,1,0.5,2,1,1,0.5,2,1,1,1,Swalot,poison,6
2,0.5,1,2,2,2,0.5,1,0.5,2,1,0.5,1,1,0,1,0.5,0.5,Carvanha,water,3
2,0.5,1,2,2,2,0.5,1,0.5,2,1,0.5,1,1,0,1,0.5,0.5,Sharpedo,water,3
1,1,1,2,1,1,0.5,1,1,2,1,0.5,1,1,1,1,0.5,0.5,Wailmer,water,3
1,1,1,2,1,1,0.5,1,1,2,1,0.5,1,1,1,1,0.5,0.5,Wailord,water,3
0.5,1,1,0,0.5,1,0.5,1,1,1,2,1,1,0.5,1,1,0.5,4,Numel,fire,2
0.5,1,1,0,0.5,1,0.5,1,1,1,2,1,1,0.5,1,1,0.5,4,Camerupt,fire,2
0.5,1,1,1,0.5,1,0.5,1,1,0.5,2,0.5,1,1,1,2,0.5,2,Torkoal,fire,2
2,2,1,1,1,0.5,1,1,2,1,1,1,1,1,0.5,1,1,1,Spoink,psychic,11
2,2,1,1,1,0.5,1,1,2,1,1,1,1,1,0.5,1,1,1,Grumpig,psychic,11
1,1,1,1,1,2,1,1,0,1,1,1,1,1,1,1,1,1,Spinda,normal,5
1,1,1,0,1,1,1,1,1,2,1,2,1,0.5,1,0.5,1,2,Trapinch,ground,8
1,1,2,0,2,1,0.5,1,1,1,1,4,1,0.5,1,0.5,1,1,Vibrava,ground,8
1,1,2,0,2,1,0.5,1,1,1,1,4,1,0.5,1,0.5,1,1,Flygon,ground,8
2,1,1,0.5,1,1,2,2,1,0.5,0.5,2,1,2,1,1,1,0.5,Cacnea,grass,1
4,0.5,1,0.5,2,2,2,2,0.5,0.5,0.5,2,1,2,0,1,1,0.5,Cacturne,grass,1
0.5,1,1,2,1,1,1,1,0,0.5,0,2,1,1,1,2,1,1,Swablu,normal,5
0.5,1,2,1,2,0.5,0.5,1,1,0.25,0,4,1,1,1,2,1,0.5,Altaria,dragon,15
1,1,1,1,1,2,1,1,0,1,1,1,1,1,1,1,1,1,Zangoose,normal,5
0.5,1,1,1,0.5,0.5,1,1,1,0.5,2,1,1,0.5,2,1,1,1,Seviper,poison,6
2,2,1,1,1,1,0.5,0.5,2,2,2,1,0.5,0.5,0.5,1,2,2,Lunatone,rock,12
2,2,1,1,1,1,0.5,0.5,2,2,2,1,0.5,0.5,0.5,1,2,2,Solrock,rock,12
1,1,1,0,1,1,0.5,1,1,4,1,1,1,0.5,1,0.5,0.5,1,Barboach,water,3
1,1,1,0,1,1,0.5,1,1,4,1,1,1,0.5,1,0.5,0.5,1,Whiscash,water,3
1,1,1,2,1,1,0.5,1,1,2,1,0.5,1,1,1,1,0.5,0.5,Corphish,water,3
2,0.5,1,2,2,2,0.5,1,0.5,2,1,0.5,1,1,0,1,0.5,0.5,Crawdaunt,water,3
2,2,1,0,1,0.5,1,1,2,2,1,2,1,0.5,0.5,0.5,1,2,Baltoy,ground,8
2,2,1,0,1,0.5,1,1,2,2,1,2,1,0.5,0.5,0.5,1,2,Claydol,ground,8
2,1,1,0.5,1,2,1,1,1,1,1,2,0.5,1,1,1,2,1,Lileep,rock,12
2,1,1,0.5,1,2,1,1,1,1,1,2,0.5,1,1,1,2,1,Cradily,rock,12
1,1,1,1,1,1,1,1,1,1,1,1,0.5,0.5,1,2,2,2,Anorith,rock,12
1,1,1,1,1,1,1,1,1,1,1,1,0.5,0.5,1,2,2,2,Armaldo,rock,12
1,1,1,2,1,1,0.5,1,1,2,1,0.5,1,1,1,1,0.5,0.5,Feebas,water,3
1,1,1,2,1,1,0.5,1,1,2,1,0.5,1,1,1,1,0.5,0.5,Milotic,water,3
1,1,1,1,1,2,1,1,0,1,1,1,1,1,1,1,1,1,Castform,normal,5
1,1,1,1,1,2,1,1,0,1,1,1,1,1,1,1,1,1,Kecleon,normal,5
0.5,2,1,1,1,0,1,1,2,1,1,1,0,0.5,1,1,1,1,Shuppet,ghost,13
0.5,2,1,1,1,0,1,1,2,1,1,1,0,0.5,1,1,1,1,Banette,ghost,13
0.5,2,1,1,1,0,1,1,2,1,1,1,0,0.5,1,1,1,1,Duskull,ghost,13
0.5,2,1,1,1,0,1,1,2,1,1,1,0,0.5,1,1,1,1,Dusclops,ghost,13
1,1,1,1,1,0.5,2,2,1,0.25,0,4,1,2,1,2,1,0.5,Tropius,grass,1
2,2,1,1,1,0.5,1,1,2,1,1,1,1,1,0.5,1,1,1,Chimecho,psychic,11
2,0.5,1,1,2,2,1,1,0.5,1,1,1,1,1,0,1,1,1,Absol,dark,16
2,2,1,1,1,0.5,1,1,2,1,1,1,1,1,0.5,1,1,1,Wynaut,psychic,11
1,1,1,1,1,2,2,1,1,1,1,0.5,1,1,1,2,2,1,Snorunt,ice,14
1,1,1,1,1,2,2,1,1,1,1,0.5,1,1,1,2,2,1,Glalie,ice,14
1,1,1,2,1,2,1,1,1,2,1,0.25,1,1,1,2,1,0.5,Spheal,ice,14
1,1,1,2,1,2,1,1,1,2,1,0.25,1,1,1,2,1,0.5,Sealeo,ice,14
1,1,1,2,1,2,1,1,1,2,1,0.25,1,1,1,2,1,0.5,Walrein,ice,14
1,1,1,2,1,1,0.5,1,1,2,1,0.5,1,1,1,1,0.5,0.5,Clamperl,water,3
1,1,1,2,1,1,0.5,1,1,2,1,0.5,1,1,1,1,0.5,0.5,Huntail,water,3
1,1,1,2,1,1,0.5,1,1,2,1,0.5,1,1,1,1,0.5,0.5,Gorebyss,water,3
1,1,1,2,1,2,0.25,0.5,1,4,2,0.5,0.5,0.5,1,1,1,1,Relicanth,water,3
1,1,1,2,1,1,0.5,1,1,2,1,0.5,1,1,1,1,0.5,0.5,Luvdisc,water,3
1,1,2,0.5,2,1,0.5,1,1,0.5,1,2,1,1,1,1,1,0.5,Bagon,dragon,15
1,1,2,0.5,2,1,0.5,1,1,0.5,1,2,1,1,1,1,1,0.5,Shelgon,dragon,15
0.5,1,2,1,2,0.5,0.5,1,1,0.25,0,4,1,1,1,2,1,0.5,Salamence,dragon,15
1,2,0.5,1,0.5,1,2,0.5,2,0.5,2,0.5,0.5,0,0.25,0.5,0.5,1,Beldum,steel,17
1,2,0.5,1,0.5,1,2,0.5,2,0.5,2,0.5,0.5,0,0.25,0.5,0.5,1,Metang,steel,17
1,2,0.5,1,0.5,1,2,0.5,2,0.5,2,0.5,0.5,0,0.25,0.5,0.5,1,Metagross,steel,17
1,1,1,1,1,2,0.5,0.5,1,2,2,1,0.5,0.5,1,1,2,2,Regirock,rock,12
1,1,1,1,1,2,2,1,1,1,1,0.5,1,1,1,2,2,1,Regice,ice,14
0.5,1,0.5,1,0.5,2,2,0.5,1,0.5,2,0.5,0.5,0,0.5,0.5,0.5,1,Registeel,steel,17
2,2,2,0.5,2,0.5,0.5,1,2,0.5,1,2,1,1,0.5,1,1,0.5,Latias,dragon,15
2,2,2,0.5,2,0.5,0.5,1,2,0.5,1,2,1,1,0.5,1,1,0.5,Latios,dragon,15
1,1,1,2,1,1,0.5,1,1,2,1,0.5,1,1,1,1,0.5,0.5,Kyogre,water,3
1,1,1,0,1,1,1,1,1,2,1,2,1,0.5,1,0.5,1,2,Groudon,ground,8
0.5,1,2,1,2,0.5,0.5,1,1,0.25,0,4,1,1,1,2,1,0.5,Rayquaza,dragon,15
1,2,0.5,1,0.5,1,2,0.5,2,0.5,2,0.5,0.5,0,0.25,0.5,0.5,1,Jirachi,steel,17
2,2,1,1,1,0.5,1,1,2,1,1,1,1,1,0.5,1,1,1,Deoxys,psychic,11
2,1,1,0.5,1,1,2,2,1,0.5,0.5,2,1,2,1,1,1,0.5,Turtwig,grass,1
2,1,1,0.5,1,1,2,2,1,0.5,0.5,2,1,2,1,1,1,0.5,Grotle,grass,1
2,1,1,0,1,1,2,2,1,1,0.5,4,1,1,1,0.5,1,1,Torterra,grass,1
0.5,1,1,1,0.5,1,0.5,1,1,0.5,2,0.5,1,1,1,2,0.5,2,Chimchar,fire,2
0.25,0.5,1,1,1,1,0.5,2,1,0.5,2,0.5,1,1,2,1,0.5,2,Monferno,fire,2
0.25,0.5,1,1,1,1,0.5,2,1,0.5,2,0.5,1,1,2,1,0.5,2,Infernape,fire,2
1,1,1,2,1,1,0.5,1,1,2,1,0.5,1,1,1,1,0.5,0.5,Piplup,water,3
1,1,1,2,1,1,0.5,1,1,2,1,0.5,1,1,1,1,0.5,0.5,Prinplup,water,3
0.5,1,0.5,2,0.5,2,1,0.5,1,1,2,0.25,0.5,0,0.5,0.5,0.25,0.5,Empoleon,water,3
0.5,1,1,2,1,1,1,1,0,0.5,0,2,1,1,1,2,1,1,Starly,normal,5
0.5,1,1,2,1,1,1,1,0,0.5,0,2,1,1,1,2,1,1,Staravia,normal,5
0.5,1,1,2,1,1,1,1,0,0.5,0,2,1,1,1,2,1,1,Staraptor,normal,5
1,1,1,1,1,2,1,1,0,1,1,1,1,1,1,1,1,1,Bidoof,normal,5
1,1,1,2,1,2,0.5,1,0,2,1,0.5,1,1,1,1,0.5,0.5,Bibarel,normal,5
1,1,1,1,1,0.5,2,2,1,0.5,0.5,1,1,1,1,2,1,1,Kricketot,bug,4
1,1,1,1,1,0.5,2,2,1,0.5,0.5,1,1,1,1,2,1,1,Kricketune,bug,4
1,1,1,0.5,1,1,1,0.5,1,1,2,1,1,1,1,1,0.5,1,Shinx,electric,7
1,1,1,0.5,1,1,1,0.5,1,1,2,1,1,1,1,1,0.5,1,Luxio,electric,7
1,1,1,0.5,1,1,1,0.5,1,1,2,1,1,1,1,1,0.5,1,Luxray,electric,7
1,1,1,0.5,0.5,0.5,2,2,1,0.25,1,2,1,1,2,1,1,0.5,Budew,grass,1
1,1,1,0.5,0.5,0.5,2,2,1,0.25,1,2,1,1,2,1,1,0.5,Roserade,grass,1
1,1,1,1,1,2,0.5,0.5,1,2,2,1,0.5,0.5,1,1,2,2,Cranidos,rock,12
1,1,1,1,1,2,0.5,0.5,1,2,2,1,0.5,0.5,1,1,2,2,Rampardos,rock,12
0.5,1,0.5,1,0.5,4,1,0.25,1,1,4,0.5,0.25,0,0.5,0.5,1,2,Shieldon,rock,12
0.5,1,0.5,1,0.5,4,1,0.25,1,1,4,0.5,0.25,0,0.5,0.5,1,2,Bastiodon,rock,12
1,1,1,1,1,0.5,2,2,1,0.5,0.5,1,1,1,1,2,1,1,Burmy,bug,4
2,1,1,0.5,1,0.5,4,4,1,0.25,0.25,2,1,2,1,2,1,0.5,Wormadam,bug,4
0.5,1,1,2,1,0.25,2,2,1,0.25,0,2,1,1,1,4,1,1,Mothim,bug,4
0.5,1,1,2,1,0.25,2,2,1,0.25,0,2,1,1,1,4,1,1,Combee,bug,4
0.5,1,1,2,1,0.25,2,2,1,0.25,0,2,1,1,1,4,1,1,Vespiquen,bug,4
1,1,1,0.5,1,1,1,0.5,1,1,2,1,1,1,1,1,0.5,1,Pachirisu,electric,7
1,1,1,2,1,1,0.5,1,1,2,1,0.5,1,1,1,1,0.5,0.5,Buizel,water,3
1,1,1,2,1,1,0.5,1,1,2,1,0.5,1,1,1,1,0.5,0.5,Floatzel,water,3
2,1,1,0.5,1,1,2,2,1,0.5,0.5,2,1,2,1,1,1,0.5,Cherubi,grass,1
2,1,1,0.5,1,1,2,2,1,0.5,0.5,2,1,2,1,1,1,0.5,Cherrim,grass,1
1,1,1,2,1,1,0.5,1,1,2,1,0.5,1,1,1,1,0.5,0.5,Shellos,water,3
1,1,1,0,1,1,0.5,1,1,4,1,1,1,0.5,1,0.5,0.5,1,Gastrodon,water,3
1,1,1,1,1,2,1,1,0,1,1,1,1,1,1,1,1,1,Ambipom,normal,5
0.25,2,1,2,1,0,1,1,2,0.5,0,2,0,0.5,1,2,1,1,Drifloon,ghost,13
0.25,2,1,2,1,0,1,1,2,0.5,0,2,0,0.5,1,2,1,1,Drifblim,ghost,13
1,1,1,1,1,2,1,1,0,1,1,1,1,1,1,1,1,1,Buneary,normal,5
1,1,1,1,1,2,1,1,0,1,1,1,1,1,1,1,1,1,Lopunny,normal,5
0.5,2,1,1,1,0,1,1,2,1,1,1,0,0.5,1,1,1,1,Mismagius,ghost,13
1,0.5,1,2,2,1,1,1,0.5,0.5,0,2,1,1,0,2,1,1,Honchkrow,dark,16
1,1,1,1,1,2,1,1,0,1,1,1,1,1,1,1,1,1,Glameow,normal,5
1,1,1,1,1,2,1,1,0,1,1,1,1,1,1,1,1,1,Purugly,normal,5
2,2,1,1,1,0.5,1,1,2,1,1,1,1,1,0.5,1,1,1,Chingling,psychic,11
1,0.5,1,1,1,1,1,1,0.5,0.5,2,1,1,0.5,0,1,1,1,Stunky,poison,6
1,0.5,1,1,1,1,1,1,0.5,0.5,2,1,1,0.5,0,1,1,1,Skuntank,poison,6
1,2,0.5,1,0.5,1,2,0.5,2,0.5,2,0.5,0.5,0,0.25,0.5,0.5,1,Bronzor,steel,17
1,2,0.5,1,0.5,1,2,0.5,2,0.5,2,0.5,0.5,0,0.25,0.5,0.5,1,Bronzong,steel,17
1,1,1,1,1,2,0.5,0.5,1,2,2,1,0.5,0.5,1,1,2,2,Bonsly,rock,12
1,1,0,1,1,0.25,1,1,2,1,1,1,1,2,0.5,1,2,1,Mime Jr.,psychic,11
1,1,1,1,1,2,1,1,0,1,1,1,1,1,1,1,1,1,Happiny,normal,5
0.5,1,1,2,1,1,1,1,0,0.5,0,2,1,1,1,2,1,1,Chatot,normal,5
1,1,1,1,2,0,1,1,1,1,1,1,0,0.5,0,1,1,1,Spiritomb,ghost,13
1,1,2,0,2,1,0.5,1,1,1,1,4,1,0.5,1,0.5,1,1,Gible,dragon,15
1,1,2,0,2,1,0.5,1,1,1,1,4,1,0.5,1,0.5,1,1,Gabite,dragon,15
1,1,2,0,2,1,0.5,1,1,1,1,4,1,0.5,1,0.5,1,1,Garchomp,dragon,15
1,1,1,1,1,2,1,1,0,1,1,1,1,1,1,1,1,1,Munchlax,normal,5
0.5,0.5,1,1,2,1,1,2,1,1,1,1,1,1,2,0.5,1,1,Riolu,fighting,10
0.25,0.5,0.5,1,1,2,2,1,1,0.5,2,0.5,0.5,0,1,0.25,0.5,1,Lucario,fighting,10
1,1,1,0,1,1,1,1,1,2,1,2,1,0.5,1,0.5,1,2,Hippopotas,ground,8
1,1,1,0,1,1,1,1,1,2,1,2,1,0.5,1,0.5,1,2,Hippowdon,ground,8
0.5,1,1,1,0.5,0.25,2,2,1,0.25,1,1,1,0.5,2,2,1,1,Skorupi,poison,6
1,0.5,1,1,1,1,1,1,0.5,0.5,2,1,1,0.5,0,1,1,1,Drapion,poison,6
0.25,0.5,1,1,1,0.5,1,2,1,0.5,2,1,1,0.5,4,0.5,1,1,Croagunk,poison,6
0.25,0.5,1,1,1,0.5,1,2,1,0.5,2,1,1,0.5,4,0.5,1,1,Toxicroak,poison,6
2,1,1,0.5,1,1,2,2,1,0.5,0.5,2,1,2,1,1,1,0.5,Carnivine,grass,1
1,1,1,2,1,1,0.5,1,1,2,1,0.5,1,1,1,1,0.5,0.5,Finneon,water,3
1,1,1,2,1,1,0.5,1,1,2,1,0.5,1,1,1,1,0.5,0.5,Lumineon,water,3
0.5,1,1,4,1,0.5,0.5,1,1,1,0,1,1,1,1,2,0.5,0.5,Mantyke,water,3
2,1,1,0.5,1,2,4,2,1,0.5,0.5,1,1,2,1,2,2,0.5,Snover,grass,1
2,1,1,0.5,1,2,4,2,1,0.5,0.5,1,1,2,1,2,2,0.5,Abomasnow,grass,1
2,0.5,1,1,2,4,2,1,0.5,1,1,0.5,1,1,0,2,2,1,Weavile,dark,16
0.5,1,0.5,0.5,0.5,2,2,0.25,1,0.5,4,0.5,0.5,0,0.5,0.5,0.25,1,Magnezone,electric,7
1,1,1,1,1,2,1,1,0,1,1,1,1,1,1,1,1,1,Lickilicky,normal,5
1,1,1,0,1,2,0.5,0.5,1,4,2,2,0.5,0.25,1,0.5,2,4,Rhyperior,ground,8
2,1,1,0.5,1,1,2,2,1,0.5,0.5,2,1,2,1,1,1,0.5,Tangrowth,grass,1
1,1,1,0.5,1,1,1,0.5,1,1,2,1,1,1,1,1,0.5,1,Electivire,electric,7
0.5,1,1,1,0.5,1,0.5,1,1,0.5,2,0.5,1,1,1,2,0.5,2,Magmortar,fire,2
0.25,0.5,0,2,1,0.25,1,1,1,0.5,0,2,1,2,1,2,2,1,Togekiss,fairy,9
0.5,1,1,2,1,0.25,2,2,1,0.25,0,2,1,1,1,4,1,1,Yanmega,bug,4
2,1,1,0.5,1,1,2,2,1,0.5,0.5,2,1,2,1,1,1,0.5,Leafeon,grass,1
1,1,1,1,1,2,2,1,1,1,1,0.5,1,1,1,2,2,1,Glaceon,ice,14
0.5,1,1,0,1,0.5,1,1,1,1,0,4,1,0.5,1,1,1,2,Gliscor,ground,8
1,1,1,0,1,2,2,1,1,2,1,1,1,0.5,1,1,2,2,Mamoswine,ice,14
1,1,1,1,1,2,1,1,0,1,1,1,1,1,1,1,1,1,Porygon-Z,normal,5
1,1,1,1,2,0.5,1,2,2,1,1,1,1,1,1,0.5,1,1,Gallade,psychic,11
0.5,1,0.5,1,0.5,4,1,0.25,1,1,4,0.5,0.25,0,0.5,0.5,1,2,Probopass,rock,12
0.5,2,1,1,1,0,1,1,2,1,1,1,0,0.5,1,1,1,1,Dusknoir,ghost,13
0.5,2,1,1,1,0,2,1,2,1,1,0.5,0,0.5,1,2,2,1,Froslass,ice,14
0.5,2,1,0.5,1,0,1,0.5,2,1,2,1,0,0.5,1,1,0.5,1,Rotom,electric,7
2,2,1,1,1,0.5,1,1,2,1,1,1,1,1,0.5,1,1,1,Uxie,psychic,11
2,2,1,1,1,0.5,1,1,2,1,1,1,1,1,0.5,1,1,1,Mesprit,psychic,11
2,2,1,1,1,0.5,1,1,2,1,1,1,1,1,0.5,1,1,1,Azelf,psychic,11
0.5,1,1,0.5,1,2,1,0.5,1,0.25,2,1,0.5,0,0.5,0.5,0.5,0.5,Dialga,steel,17
1,1,2,1,2,1,0.25,1,1,1,1,1,1,1,1,1,0.5,0.25,Palkia,water,3
0.25,1,0.5,1,0.25,2,1,0.5,1,0.25,4,0.25,0.5,0,0.5,1,0.25,2,Heatran,fire,2
1,1,1,1,1,2,1,1,0,1,1,1,1,1,1,1,1,1,Regigigas,normal,5
0.5,2,2,0.5,2,0,0.5,1,2,0.5,1,2,0,0.5,1,1,1,0.5,Giratina,ghost,13
2,2,1,1,1,0.5,1,1,2,1,1,1,1,1,0.5,1,1,1,Cresselia,psychic,11
1,1,1,2,1,1,0.5,1,1,2,1,0.5,1,1,1,1,0.5,0.5,Phione,water,3
1,1,1,2,1,1,0.5,1,1,2,1,0.5,1,1,1,1,0.5,0.5,Manaphy,water,3
2,0.5,1,1,2,2,1,1,0.5,1,1,1,1,1,0,1,1,1,Darkrai,dark,16
2,1,1,0.5,1,1,2,2,1,0.5,0.5,2,1,2,1,1,1,0.5,Shaymin,grass,1
1,1,1,1,1,2,1,1,0,1,1,1,1,1,1,1,1,1,Arceus,normal,5
1,2,1,1,0.5,0.5,0.5,1,2,0.5,2,0.5,1,1,0.5,2,0.5,2,Victini,psychic,11
2,1,1,0.5,1,1,2,2,1,0.5,0.5,2,1,2,1,1,1,0.5,Snivy,grass,1
2,1,1,0.5,1,1,2,2,1,0.5,0.5,2,1,2,1,1,1,0.5,Servine,grass,1
2,1,1,0.5,1,1,2,2,1,0.5,0.5,2,1,2,1,1,1,0.5,Serperior,grass,1
0.5,1,1,1,0.5,1,0.5,1,1,0.5,2,0.5,1,1,1,2,0.5,2,Tepig,fire,2
0.25,0.5,1,1,1,1,0.5,2,1,0.5,2,0.5,1,1,2,1,0.5,2,Pignite,fire,2
0.25,0.5,1,1,1,1,0.5,2,1,0.5,2,0.5,1,1,2,1,0.5,2,Emboar,fire,2
1,1,1,2,1,1,0.5,1,1,2,1,0.5,1,1,1,1,0.5,0.5,Oshawott,water,3
1,1,1,2,1,1,0.5,1,1,2,1,0.5,1,1,1,1,0.5,0.5,Dewott,water,3
1,1,1,2,1,1,0.5,1,1,2,1,0.5,1,1,1,1,0.5,0.5,Samurott,water,3
1,1,1,1,1,2,1,1,0,1,1,1,1,1,1,1,1,1,Patrat,normal,5
1,1,1,1,1,2,1,1,0,1,1,1,1,1,1,1,1,1,Watchog,normal,5
1,1,1,1,1,2,1,1,0,1,1,1,1,1,1,1,1,1,Lillipup,normal,5
1,1,1,1,1,2,1,1,0,1,1,1,1,1,1,1,1,1,Herdier,normal,5
1,1,1,1,1,2,1,1,0,1,1,1,1,1,1,1,1,1,Stoutland,normal,5
2,0.5,1,1,2,2,1,1,0.5,1,1,1,1,1,0,1,1,1,Purrloin,dark,16
2,0.5,1,1,2,2,1,1,0.5,1,1,1,1,1,0,1,1,1,Liepard,dark,16
2,1,1,0.5,1,1,2,2,1,0.5,0.5,2,1,2,1,1,1,0.5,Pansage,grass,1
2,1,1,0.5,1,1,2,2,1,0.5,0.5,2,1,2,1,1,1,0.5,Simisage,grass,1
0.5,1,1,1,0.5,1,0.5,1,1,0.5,2,0.5,1,1,1,2,0.5,2,Pansear,fire,2
0.5,1,1,1,0.5,1,0.5,1,1,0.5,2,0.5,1,1,1,2,0.5,2,Simisear,fire,2
1,1,1,2,1,1,0.5,1,1,2,1,0.5,1,1,1,1,0.5,0.5,Panpour,water,3
1,1,1,2,1,1,0.5,1,1,2,1,0.5,1,1,1,1,0.5,0.5,Simipour,water,3
2,2,1,1,1,0.5,1,1,2,1,1,1,1,1,0.5,1,1,1,Munna,psychic,11
2,2,1,1,1,0.5,1,1,2,1,1,1,1,1,0.5,1,1,1,Musharna,psychic,11
0.5,1,1,2,1,1,1,1,0,0.5,0,2,1,1,1,2,1,1,Pidove,normal,5
0.5,1,1,2,1,1,1,1,0,0.5,0,2,1,1,1,2,1,1,Tranquill,normal,5
0.5,1,1,2,1,1,1,1,0,0.5,0,2,1,1,1,2,1,1,Unfezant,normal,5
1,1,1,0.5,1,1,1,0.5,1,1,2,1,1,1,1,1,0.5,1,Blitzle,electric,7
1,1,1,0.5,1,1,1,0.5,1,1,2,1,1,1,1,1,0.5,1,Zebstrika,electric,7
1,1,1,1,1,2,0.5,0.5,1,2,2,1,0.5,0.5,1,1,2,2,Roggenrola,rock,12
1,1,1,1,1,2,0.5,0.5,1,2,2,1,0.5,0.5,1,1,2,2,Boldore,rock,12
1,1,1,1,1,2,0.5,0.5,1,2,2,1,0.5,0.5,1,1,2,2,Gigalith,rock,12
1,2,1,2,1,0.25,1,1,2,0.5,0,2,1,1,0.5,2,1,1,Woobat,psychic,11
1,2,1,2,1,0.25,1,1,2,0.5,0,2,1,1,0.5,2,1,1,Swoobat,psychic,11
1,1,1,0,1,1,1,1,1,2,1,2,1,0.5,1,0.5,1,2,Drilbur,ground,8
0.5,1,0.5,0,0.5,2,2,0.5,1,1,2,1,0.5,0,0.5,0.25,0.5,2,Excadrill,ground,8
1,1,1,1,1,2,1,1,0,1,1,1,1,1,1,1,1,1,Audino,normal,5
0.5,0.5,1,1,2,1,1,2,1,1,1,1,1,1,2,0.5,1,1,Timburr,fighting,10
0.5,0.5,1,1,2,1,1,2,1,1,1,1,1,1,2,0.5,1,1,Gurdurr,fighting,10
0.5,0.5,1,1,2,1,1,2,1,1,1,1,1,1,2,0.5,1,1,Conkeldurr,fighting,10
1,1,1,2,1,1,0.5,1,1,2,1,0.5,1,1,1,1,0.5,0.5,Tympole,water,3
1,1,1,0,1,1,0.5,1,1,4,1,1,1,0.5,1,0.5,0.5,1,Palpitoad,water,3
1,1,1,0,1,1,0.5,1,1,4,1,1,1,0.5,1,0.5,0.5,1,Seismitoad,water,3
0.5,0.5,1,1,2,1,1,2,1,1,1,1,1,1,2,0.5,1,1,Throh,fighting,10
0.5,0.5,1,1,2,1,1,2,1,1,1,1,1,1,2,0.5,1,1,Sawk,fighting,10
2,1,1,0.5,1,0.5,4,4,1,0.25,0.25,2,1,2,1,2,1,0.5,Sewaddle,bug,4
2,1,1,0.5,1,0.5,4,4,1,0.25,0.25,2,1,2,1,2,1,0.5,Swadloon,bug,4
2,1,1,0.5,1,0.5,4,4,1,0.25,0.25,2,1,2,1,2,1,0.5,Leavanny,bug,4
0.5,1,1,1,0.5,0.25,2,2,1,0.25,1,1,1,0.5,2,2,1,1,Venipede,bug,4
0.5,1,1,1,0.5,0.25,2,2,1,0.25,1,1,1,0.5,2,2,1,1,Whirlipede,bug,4
0.5,1,1,1,0.5,0.25,2,2,1,0.25,1,1,1,0.5,2,2,1,1,Scolipede,bug,4
1,0.5,0,0.5,1,0.5,2,2,1,0.5,0.5,2,1,4,1,1,2,0.5,Cottonee,grass,1
1,0.5,0,0.5,1,0.5,2,2,1,0.5,0.5,2,1,4,1,1,2,0.5,Whimsicott,grass,1
2,1,1,0.5,1,1,2,2,1,0.5,0.5,2,1,2,1,1,1,0.5,Petilil,grass,1
2,1,1,0.5,1,1,2,2,1,0.5,0.5,2,1,2,1,1,1,0.5,Lilligant,grass,1
1,1,1,2,1,1,0.5,1,1,2,1,0.5,1,1,1,1,0.5,0.5,Basculin,water,3
2,0.5,1,0,2,2,1,1,0.5,2,1,2,1,0.5,0,0.5,1,2,Sandile,ground,8
2,0.5,1,0,2,2,1,1,0.5,2,1,2,1,0.5,0,0.5,1,2,Krokorok,ground,8
2,0.5,1,0,2,2,1,1,0.5,2,1,2,1,0.5,0,0.5,1,2,Krookodile,ground,8
0.5,1,1,1,0.5,1,0.5,1,1,0.5,2,0.5,1,1,1,2,0.5,2,Darumaka,fire,2
0.5,1,1,1,0.5,1,0.5,1,1,0.5,2,0.5,1,1,1,2,0.5,2,Darmanitan,fire,2
2,1,1,0.5,1,1,2,2,1,0.5,0.5,2,1,2,1,1,1,0.5,Maractus,grass,1
1,1,1,1,1,1,1,1,1,1,1,1,0.5,0.5,1,2,2,2,Dwebble,bug,4
1,1,1,1,1,1,1,1,1,1,1,1,0.5,0.5,1,2,2,2,Crustle,bug,4
1,0.25,1,1,4,2,1,2,0.5,1,1,1,1,1,0,0.5,1,1,Scraggy,dark,16
1,0.25,1,1,4,2,1,2,0.5,1,1,1,1,1,0,0.5,1,1,Scrafty,dark,16
1,2,1,2,1,0.25,1,1,2,0.5,0,2,1,1,0.5,2,1,1,Sigilyph,psychic,11
0.5,2,1,1,1,0,1,1,2,1,1,1,0,0.5,1,1,1,1,Yamask,ghost,13
0.5,2,1,1,1,0,1,1,2,1,1,1,0,0.5,1,1,1,1,Cofagrigus,ghost,13
1,1,1,2,1,2,0.25,0.5,1,4,2,0.5,0.5,0.5,1,1,1,1,Tirtouga,water,3
1,1,1,2,1,2,0.25,0.5,1,4,2,0.5,0.5,0.5,1,1,1,1,Carracosta,water,3
0.5,1,1,2,1,1,0.5,0.5,1,1,0,2,0.5,0.5,1,2,2,2,Archen,rock,12
0.5,1,1,2,1,1,0.5,0.5,1,1,0,2,0.5,0.5,1,2,2,2,Archeops,rock,12
0.5,1,1,1,0.5,0.5,1,1,1,0.5,2,1,1,0.5,2,1,1,1,Trubbish,poison,6
0.5,1,1,1,0.5,0.5,1,1,1,0.5,2,1,1,0.5,2,1,1,1,Garbodor,poison,6
2,0.5,1,1,2,2,1,1,0.5,1,1,1,1,1,0,1,1,1,Zorua,dark,16
2,0.5,1,1,2,2,1,1,0.5,1,1,1,1,1,0,1,1,1,Zoroark,dark,16
1,1,1,1,1,2,1,1,0,1,1,1,1,1,1,1,1,1,Minccino,normal,5
1,1,1,1,1,2,1,1,0,1,1,1,1,1,1,1,1,1,Cinccino,normal,5
2,2,1,1,1,0.5,1,1,2,1,1,1,1,1,0.5,1,1,1,Gothita,psychic,11
2,2,1,1,1,0.5,1,1,2,1,1,1,1,1,0.5,1,1,1,Gothorita,psychic,11
2,2,1,1,1,0.5,1,1,2,1,1,1,1,1,0.5,1,1,1,Gothitelle,psychic,11
2,2,1,1,1,0.5,1,1,2,1,1,1,1,1,0.5,1,1,1,Solosis,psychic,11
2,2,1,1,1,0.5,1,1,2,1,1,1,1,1,0.5,1,1,1,Duosion,psychic,11
2,2,1,1,1,0.5,1,1,2,1,1,1,1,1,0.5,1,1,1,Reuniclus,psychic,11
0.5,1,1,4,1,0.5,0.5,1,1,1,0,1,1,1,1,2,0.5,0.5,Ducklett,water,3
0.5,1,1,4,1,0.5,0.5,1,1,1,0,1,1,1,1,2,0.5,0.5,Swanna,water,3
1,1,1,1,1,2,2,1,1,1,1,0.5,1,1,1,2,2,1,Vanillite,ice,14
1,1,1,1,1,2,2,1,1,1,1,0.5,1,1,1,2,2,1,Vanillish,ice,14
1,1,1,1,1,2,2,1,1,1,1,0.5,1,1,1,2,2,1,Vanilluxe,ice,14
2,1,1,0.5,1,2,2,2,0,0.5,0.5,2,1,2,1,1,1,0.5,Deerling,normal,5
2,1,1,0.5,1,2,2,2,0,0.5,0.5,2,1,2,1,1,1,0.5,Sawsbuck,normal,5
0.5,1,1,1,1,0.5,1,0.5,1,0.5,0,2,1,1,1,2,0.5,1,Emolga,electric,7
1,1,1,1,1,0.5,2,2,1,0.5,0.5,1,1,1,1,2,1,1,Karrablast,bug,4
0.5,1,0.5,1,0.5,1,4,1,1,0.25,1,0.5,0.5,0,0.5,1,0.5,1,Escavalier,bug,4
1,1,1,0.5,0.5,0.5,2,2,1,0.25,1,2,1,1,2,1,1,0.5,Foongus,grass,1
1,1,1,0.5,0.5,0.5,2,2,1,0.25,1,2,1,1,2,1,1,0.5,Amoonguss,grass,1
0.5,2,1,2,1,0,0.5,1,2,2,1,0.5,0,0.5,1,1,0.5,0.5,Frillish,water,3
0.5,2,1,2,1,0,0.5,1,2,2,1,0.5,0,0.5,1,1,0.5,0.5,Jellicent,water,3
1,1,1,2,1,1,0.5,1,1,2,1,0.5,1,1,1,1,0.5,0.5,Alomomola,water,3
1,1,1,0.5,1,0.5,2,1,1,0.5,1,1,1,1,1,2,0.5,1,Joltik,bug,4
1,1,1,0.5,1,0.5,2,1,1,0.5,1,1,1,1,1,2,0.5,1,Galvantula,bug,4
1,1,0.5,0.5,0.5,2,4,1,1,0.25,1,1,0.5,0,0.5,0.5,0.5,0.5,Ferroseed,grass,1
1,1,0.5,0.5,0.5,2,4,1,1,0.25,1,1,0.5,0,0.5,0.5,0.5,0.5,Ferrothorn,grass,1
0.5,1,0.5,1,0.5,2,2,0.5,1,0.5,2,0.5,0.5,0,0.5,0.5,0.5,1,Klink,steel,17
0.5,1,0.5,1,0.5,2,2,0.5,1,0.5,2,0.5,0.5,0,0.5,0.5,0.5,1,Klang,steel,17
0.5,1,0.5,1,0.5,2,2,0.5,1,0.5,2,0.5,0.5,0,0.5,0.5,0.5,1,Klinklang,steel,17
1,1,1,0.5,1,1,1,0.5,1,1,2,1,1,1,1,1,0.5,1,Tynamo,electric,7
1,1,1,0.5,1,1,1,0.5,1,1,2,1,1,1,1,1,0.5,1,Eelektrik,electric,7
1,1,1,0.5,1,1,1,0.5,1,1,2,1,1,1,1,1,0.5,1,Eelektross,electric,7
2,2,1,1,1,0.5,1,1,2,1,1,1,1,1,0.5,1,1,1,Elgyem,psychic,11
2,2,1,1,1,0.5,1,1,2,1,1,1,1,1,0.5,1,1,1,Beheeyem,psychic,11
0.25,2,1,1,0.5,0,0.5,1,2,0.5,2,0.5,0,0.5,1,2,0.5,2,Litwick,ghost,13
0.25,2,1,1,0.5,0,0.5,1,2,0.5,2,0.5,0,0.5,1,2,0.5,2,Lampent,ghost,13
0.25,2,1,1,0.5,0,0.5,1,2,0.5,2,0.5,0,0.5,1,2,0.5,2,Chandelure,ghost,13
1,1,2,0.5,2,1,0.5,1,1,0.5,1,2,1,1,1,1,1,0.5,Axew,dragon,15
1,1,2,0.5,2,1,0.5,1,1,0.5,1,2,1,1,1,1,1,0.5,Fraxure,dragon,15
1,1,2,0.5,2,1,0.5,1,1,0.5,1,2,1,1,1,1,1,0.5,Haxorus,dragon,15
1,1,1,1,1,2,2,1,1,1,1,0.5,1,1,1,2,2,1,Cubchoo,ice,14
1,1,1,1,1,2,2,1,1,1,1,0.5,1,1,1,2,2,1,Beartic,ice,14
1,1,1,1,1,2,2,1,1,1,1,0.5,1,1,1,2,2,1,Cryogonal,ice,14
1,1,1,1,1,0.5,2,2,1,0.5,0.5,1,1,1,1,2,1,1,Shelmet,bug,4
1,1,1,1,1,0.5,2,2,1,0.5,0.5,1,1,1,1,2,1,1,Accelgor,bug,4
1,1,1,0,1,1,1,0.5,1,2,2,2,1,0.5,1,0.5,0.5,2,Stunfisk,ground,8
0.5,0.5,1,1,2,1,1,2,1,1,1,1,1,1,2,0.5,1,1,Mienfoo,fighting,10
0.5,0.5,1,1,2,1,1,2,1,1,1,1,1,1,2,0.5,1,1,Mienshao,fighting,10
1,1,2,0.5,2,1,0.5,1,1,0.5,1,2,1,1,1,1,1,0.5,Druddigon,dragon,15
0.5,2,1,0,1,0,1,1,2,2,1,2,0,0.25,1,0.5,1,2,Golett,ground,8
0.5,2,1,0,1,0,1,1,2,2,1,2,0,0.25,1,0.5,1,2,Golurk,ground,8
1,0.5,0.5,1,1,4,2,0.5,0.5,0.5,2,0.5,0.5,0,0,0.5,0.5,1,Pawniard,dark,16
1,0.5,0.5,1,1,4,2,0.5,0.5,0.5,2,0.5,0.5,0,0,0.5,0.5,1,Bisharp,dark,16
1,1,1,1,1,2,1,1,0,1,1,1,1,1,1,1,1,1,Bouffalant,normal,5
0.5,1,1,2,1,1,1,1,0,0.5,0,2,1,1,1,2,1,1,Rufflet,normal,5
0.5,1,1,2,1,1,1,1,0,0.5,0,2,1,1,1,2,1,1,Braviary,normal,5
1,0.5,1,2,2,1,1,1,0.5,0.5,0,2,1,1,0,2,1,1,Vullaby,dark,16
1,0.5,1,2,2,1,1,1,0.5,0.5,0,2,1,1,0,2,1,1,Mandibuzz,dark,16
0.5,1,1,1,0.5,1,0.5,1,1,0.5,2,0.5,1,1,1,2,0.5,2,Heatmor,fire,2
0.5,1,0.5,1,0.5,1,4,1,1,0.25,1,0.5,0.5,0,0.5,1,0.5,1,Durant,bug,4
2,0.5,2,0.5,4,2,0.5,1,0.5,0.5,1,2,1,1,0,1,1,0.5,Deino,dark,16
2,0.5,2,0.5,4,2,0.5,1,0.5,0.5,1,2,1,1,0,1,1,0.5,Zweilous,dark,16
2,0.5,2,0.5,4,2,0.5,1,0.5,0.5,1,2,1,1,0,1,1,0.5,Hydreigon,dark,16
0.5,1,1,1,0.5,0.5,1,2,1,0.25,1,0.5,1,1,1,4,0.5,2,Larvesta,bug,4
0.5,1,1,1,0.5,0.5,1,2,1,0.25,1,0.5,1,1,1,4,0.5,2,Volcarona,bug,4
0.25,0.5,0.5,1,1,2,2,1,1,0.5,2,0.5,0.5,0,1,0.25,0.5,1,Cobalion,steel,17
0.5,0.5,1,1,2,2,0.5,1,1,2,2,1,0.5,0.5,2,0.5,2,2,Terrakion,rock,12
1,0.5,1,0.5,2,1,2,4,1,0.5,0.5,2,1,2,2,0.5,1,0.5,Virizion,grass,1
0.5,1,1,2,1,0.5,1,1,1,0.5,0,2,1,1,1,2,1,1,Tornadus,flying,18
0.5,1,1,1,1,0.5,1,0.5,1,0.5,0,2,1,1,1,2,0.5,1,Thundurus,electric,7
0.5,1,2,0.5,1,1,0.25,1,1,0.25,2,1,1,1,1,2,0.5,1,Reshiram,dragon,15
1,1,2,0.25,2,1,0.5,0.5,1,0.5,2,2,1,1,1,1,0.5,0.5,Zekrom,dragon,15
0.5,1,1,0,1,0.5,1,1,1,1,0,4,1,0.5,1,1,1,2,Landorus,ground,8
1,1,2,0.5,2,2,1,1,1,0.5,1,1,1,1,1,2,2,0.5,Kyurem,dragon,15
0.5,0.5,1,2,2,1,0.5,2,1,2,1,0.5,1,1,2,0.5,0.5,0.5,Keldeo,water,3
2,2,1,1,1,1,1,1,0,1,1,1,1,1,0.5,1,1,1,Meloetta,normal,5
0.5,1,0.5,1,0.5,1,4,1,1,0.25,1,0.5,0.5,0,0.5,1,0.5,1,Genesect,bug,4
2,1,1,0.5,1,1,2,2,1,0.5,0.5,2,1,2,1,1,1,0.5,Chespin,grass,1
2,1,1,0.5,1,1,2,2,1,0.5,0.5,2,1,2,1,1,1,0.5,Quilladin,grass,1
1,0.5,1,0.5,2,1,2,4,1,0.5,0.5,2,1,2,2,0.5,1,0.5,Chesnaught,grass,1
0.5,1,1,1,0.5,1,0.5,1,1,0.5,2,0.5,1,1,1,2,0.5,2,Fennekin,fire,2
0.5,1,1,1,0.5,1,0.5,1,1,0.5,2,0.5,1,1,1,2,0.5,2,Braixen,fire,2
1,2,1,1,0.5,0.5,0.5,1,2,0.5,2,0.5,1,1,0.5,2,0.5,2,Delphox,fire,2
1,1,1,2,1,1,0.5,1,1,2,1,0.5,1,1,1,1,0.5,0.5,Froakie,water,3
1,1,1,2,1,1,0.5,1,1,2,1,0.5,1,1,1,1,0.5,0.5,Frogadier,water,3
2,0.5,1,2,2,2,0.5,1,0.5,2,1,0.5,1,1,0,1,0.5,0.5,Greninja,water,3
1,1,1,1,1,2,1,1,0,1,1,1,1,1,1,1,1,1,Bunnelby,normal,5
1,1,1,0,1,2,1,1,0,2,1,2,1,0.5,1,0.5,1,2,Diggersby,normal,5
0.5,1,1,2,1,1,1,1,0,0.5,0,2,1,1,1,2,1,1,Fletchling,normal,5
0.25,1,1,2,0.5,0.5,0.5,1,1,0.25,0,1,1,1,1,4,0.5,2,Fletchinder,fire,2
0.25,1,1,2,0.5,0.5,0.5,1,1,0.25,0,1,1,1,1,4,0.5,2,Talonflame,fire,2
1,1,1,1,1,0.5,2,2,1,0.5,0.5,1,1,1,1,2,1,1,Scatterbug,bug,4
1,1,1,1,1,0.5,2,2,1,0.5,0.5,1,1,1,1,2,1,1,Spewpa,bug,4
0.5,1,1,2,1,0.25,2,2,1,0.25,0,2,1,1,1,4,1,1,Vivillon,bug,4
0.5,1,1,1,0.5,2,0.5,1,0,0.5,2,0.5,1,1,1,2,0.5,2,Litleo,fire,2
0.5,1,1,1,0.5,2,0.5,1,0,0.5,2,0.5,1,1,1,2,0.5,2,Pyroar,fire,2
0.5,0.5,0,1,1,0.5,1,1,1,1,1,1,1,2,1,1,2,1,Flabébé,fairy,9
0.5,0.5,0,1,1,0.5,1,1,1,1,1,1,1,2,1,1,2,1,Floette,fairy,9
0.5,0.5,0,1,1,0.5,1,1,1,1,1,1,1,2,1,1,2,1,Florges,fairy,9
2,1,1,0.5,1,1,2,2,1,0.5,0.5,2,1,2,1,1,1,0.5,Skiddo,grass,1
2,1,1,0.5,1,1,2,2,1,0.5,0.5,2,1,2,1,1,1,0.5,Gogoat,grass,1
0.5,0.5,1,1,2,1,1,2,1,1,1,1,1,1,2,0.5,1,1,Pancham,fighting,10
1,0.25,1,1,4,2,1,2,0.5,1,1,1,1,1,0,0.5,1,1,Pangoro,fighting,10
1,1,1,1,1,2,1,1,0,1,1,1,1,1,1,1,1,1,Furfrou,normal,5
2,2,1,1,1,0.5,1,1,2,1,1,1,1,1,0.5,1,1,1,Espurr,psychic,11
2,2,1,1,1,0.5,1,1,2,1,1,1,1,1,0.5,1,1,1,Meowstic,psychic,11
0.25,2,0.5,1,0.5,0,2,0.5,2,0.5,2,0.5,0,0,0.5,0.5,0.5,1,Honedge,steel,17
0.25,2,0.5,1,0.5,0,2,0.5,2,0.5,2,0.5,0,0,0.5,0.5,0.5,1,Doublade,steel,17
0.25,2,0.5,1,0.5,0,2,0.5,2,0.5,2,0.5,0,0,0.5,0.5,0.5,1,Aegislash,steel,17
0.5,0.5,0,1,1,0.5,1,1,1,1,1,1,1,2,1,1,2,1,Spritzee,fairy,9
0.5,0.5,0,1,1,0.5,1,1,1,1,1,1,1,2,1,1,2,1,Aromatisse,fairy,9
0.5,0.5,0,1,1,0.5,1,1,1,1,1,1,1,2,1,1,2,1,Swirlix,fairy,9
0.5,0.5,0,1,1,0.5,1,1,1,1,1,1,1,2,1,1,2,1,Slurpuff,fairy,9
4,1,1,1,2,1,1,1,1,1,1,1,1,1,0,1,1,1,Inkay,dark,16
4,1,1,1,2,1,1,1,1,1,1,1,1,1,0,1,1,1,Malamar,dark,16
1,1,1,2,1,2,0.25,0.5,1,4,2,0.5,0.5,0.5,1,1,1,1,Binacle,rock,12
1,1,1,2,1,2,0.25,0.5,1,4,2,0.5,0.5,0.5,1,1,1,1,Barbaracle,rock,12
0.5,1,1,2,0.5,0.5,0.5,1,1,1,2,0.5,1,0.5,2,1,0.5,0.5,Skrelp,poison,6
0.5,1,2,0.5,1,0.5,0.5,1,1,0.25,2,2,1,0.5,2,1,1,0.5,Dragalge,poison,6
1,1,1,2,1,1,0.5,1,1,2,1,0.5,1,1,1,1,0.5,0.5,Clauncher,water,3
1,1,1,2,1,1,0.5,1,1,2,1,0.5,1,1,1,1,0.5,0.5,Clawitzer,water,3
1,1,1,0.5,1,2,1,0.5,0,1,2,1,1,1,1,1,0.5,1,Helioptile,electric,7
1,1,1,0.5,1,2,1,0.5,0,1,2,1,1,1,1,1,0.5,1,Heliolisk,electric,7
1,1,2,0.5,2,2,0.25,0.5,1,1,2,2,0.5,0.5,1,1,2,1,Tyrunt,rock,12
1,1,2,0.5,2,2,0.25,0.5,1,1,2,2,0.5,0.5,1,1,2,1,Tyrantrum,rock,12
1,1,1,1,1,4,1,0.5,1,2,2,0.5,0.5,0.5,1,2,4,2,Amaura,rock,12
1,1,1,1,1,4,1,0.5,1,2,2,0.5,0.5,0.5,1,2,4,2,Aurorus,rock,12
0.5,0.5,0,1,1,0.5,1,1,1,1,1,1,1,2,1,1,2,1,Sylveon,fairy,9
0.25,0.5,1,2,2,0.5,1,2,1,0.5,0,2,1,1,2,1,1,1,Hawlucha,fighting,10
0.5,0.5,0,0.5,1,0.5,1,0.5,1,1,2,1,1,2,1,1,1,1,Dedenne,electric,7
0.5,0.5,0,1,1,1,0.5,0.5,1,2,2,1,0.5,1,1,1,4,2,Carbink,rock,12
1,1,2,0.5,2,1,0.5,1,1,0.5,1,2,1,1,1,1,1,0.5,Goomy,dragon,15
1,1,2,0.5,2,1,0.5,1,1,0.5,1,2,1,1,1,1,1,0.5,Sliggoo,dragon,15
1,1,2,0.5,2,1,0.5,1,1,0.5,1,2,1,1,1,1,1,0.5,Goodra,dragon,15
0.25,0.5,0,1,0.5,1,2,0.5,1,0.5,2,0.5,0.5,0,0.5,0.5,1,1,Klefki,steel,17
1,2,1,0.5,1,0,2,2,2,0.5,0.5,2,0,1,1,1,1,0.5,Phantump,ghost,13
1,2,1,0.5,1,0,2,2,2,0.5,0.5,2,0,1,1,1,1,0.5,Trevenant,ghost,13
1,2,1,0.5,1,0,2,2,2,0.5,0.5,2,0,1,1,1,1,0.5,Pumpkaboo,ghost,13
1,2,1,0.5,1,0,2,2,2,0.5,0.5,2,0,1,1,1,1,0.5,Gourgeist,ghost,13
1,1,1,1,1,2,2,1,1,1,1,0.5,1,1,1,2,2,1,Bergmite,ice,14
1,1,1,1,1,2,2,1,1,1,1,0.5,1,1,1,2,2,1,Avalugg,ice,14
0.5,1,2,1,2,0.5,0.5,1,1,0.25,0,4,1,1,1,2,1,0.5,Noibat,flying,18
0.5,1,2,1,2,0.5,0.5,1,1,0.25,0,4,1,1,1,2,1,0.5,Noivern,flying,18
0.5,0.5,0,1,1,0.5,1,1,1,1,1,1,1,2,1,1,2,1,Xerneas,fairy,9
1,0.5,1,2,2,1,1,1,0.5,0.5,0,2,1,1,0,2,1,1,Yveltal,dark,16
1,1,2,0,2,1,0.5,1,1,1,1,4,1,0.5,1,0.5,1,1,Zygarde,dragon,15
0.5,0.5,0,1,1,1,0.5,0.5,1,2,2,1,0.5,1,1,1,4,2,Diancie,rock,12
1,4,1,1,1,0,1,1,4,1,1,1,0,0.5,0.5,1,1,1,Hoopa,psychic,11
0.5,1,1,2,0.5,1,0.25,1,1,1,2,0.25,1,1,1,2,0.25,1,Volcanion,fire,2
1,1,1,1,1,0.5,2,2,1,0.25,0,4,1,2,1,2,1,0.5,Rowlet,grass,1
1,1,1,1,1,0.5,2,2,1,0.25,0,4,1,2,1,2,1,0.5,Dartrix,grass,1
1,2,1,0.5,1,0,2,2,2,0.5,0.5,2,0,1,1,1,1,0.5,Decidueye,grass,1
0.5,1,1,1,0.5,1,0.5,1,1,0.5,2,0.5,1,1,1,2,0.5,2,Litten,fire,2
0.5,1,1,1,0.5,1,0.5,1,1,0.5,2,0.5,1,1,1,2,0.5,2,Torracat,fire,2
1,0.5,1,1,1,2,0.5,1,0.5,0.5,2,0.5,1,1,0,2,0.5,2,Incineroar,fire,2
1,1,1,2,1,1,0.5,1,1,2,1,0.5,1,1,1,1,0.5,0.5,Popplio,water,3
1,1,1,2,1,1,0.5,1,1,2,1,0.5,1,1,1,1,0.5,0.5,Brionne,water,3
0.5,0.5,0,2,1,0.5,0.5,1,1,2,1,0.5,1,2,1,1,1,0.5,Primarina,water,3
0.5,1,1,2,1,1,1,1,0,0.5,0,2,1,1,1,2,1,1,Pikipek,normal,5
0.5,1,1,2,1,1,1,1,0,0.5,0,2,1,1,1,2,1,1,Trumbeak,normal,5
0.5,1,1,2,1,1,1,1,0,0.5,0,2,1,1,1,2,1,1,Toucannon,normal,5
1,1,1,1,1,2,1,1,0,1,1,1,1,1,1,1,1,1,Yungoos,normal,5
1,1,1,1,1,2,1,1,0,1,1,1,1,1,1,1,1,1,Gumshoos,normal,5
1,1,1,1,1,0.5,2,2,1,0.5,0.5,1,1,1,1,2,1,1,Grubbin,bug,4
1,1,1,0.5,1,0.5,2,1,1,0.5,1,1,1,1,1,2,0.5,1,Charjabug,bug,4
1,1,1,0.5,1,0.5,2,1,1,0.5,1,1,1,1,1,2,0.5,1,Vikavolt,bug,4
0.5,0.5,1,1,2,1,1,2,1,1,1,1,1,1,2,0.5,1,1,Crabrawler,fighting,10
0.5,0.5,1,1,2,2,2,2,1,1,1,0.5,1,1,2,1,2,1,Crabominable,fighting,10
0.25,1,1,2,0.5,0.5,0.5,1,1,0.25,0,1,1,1,1,4,0.5,2,Oricorio,fire,2
0.5,0.5,0,1,1,0.25,2,2,1,0.5,0.5,1,1,2,1,2,2,1,Cutiefly,bug,4
0.5,0.5,0,1,1,0.25,2,2,1,0.5,0.5,1,1,2,1,2,2,1,Ribombee,bug,4
1,1,1,1,1,2,0.5,0.5,1,2,2,1,0.5,0.5,1,1,2,2,Rockruff,rock,12
1,1,1,1,1,2,0.5,0.5,1,2,2,1,0.5,0.5,1,1,2,2,Lycanroc,rock,12
1,1,1,2,1,1,0.5,1,1,2,1,0.5,1,1,1,1,0.5,0.5,Wishiwashi,water,3
0.5,1,1,2,0.5,0.5,0.5,1,1,1,2,0.5,1,0.5,2,1,0.5,0.5,Mareanie,poison,6
0.5,1,1,2,0.5,0.5,0.5,1,1,1,2,0.5,1,0.5,2,1,0.5,0.5,Toxapex,poison,6
1,1,1,0,1,1,1,1,1,2,1,2,1,0.5,1,0.5,1,2,Mudbray,ground,8
1,1,1,0,1,1,1,1,1,2,1,2,1,0.5,1,0.5,1,2,Mudsdale,ground,8
1,1,1,2,1,0.5,1,2,1,1,0.5,0.5,1,1,1,2,0.5,0.5,Dewpider,water,3
1,1,1,2,1,0.5,1,2,1,1,0.5,0.5,1,1,1,2,0.5,0.5,Araquanid,water,3
2,1,1,0.5,1,1,2,2,1,0.5,0.5,2,1,2,1,1,1,0.5,Fomantis,grass,1
2,1,1,0.5,1,1,2,2,1,0.5,0.5,2,1,2,1,1,1,0.5,Lurantis,grass,1
1,0.5,0,0.5,1,0.5,2,2,1,0.5,0.5,2,1,4,1,1,2,0.5,Morelull,grass,1
1,0.5,0,0.5,1,0.5,2,2,1,0.5,0.5,2,1,4,1,1,2,0.5,Shiinotic,grass,1
0.25,1,1,1,0.25,0.5,0.5,1,1,0.25,4,0.5,1,0.5,2,2,0.5,2,Salandit,poison,6
0.25,1,1,1,0.25,0.5,0.5,1,1,0.25,4,0.5,1,0.5,2,2,0.5,2,Salazzle,poison,6
0.5,0.5,1,1,2,2,1,2,0,1,1,1,1,1,2,0.5,1,1,Stufful,normal,5
0.5,0.5,1,1,2,2,1,2,0,1,1,1,1,1,2,0.5,1,1,Bewear,normal,5
2,1,1,0.5,1,1,2,2,1,0.5,0.5,2,1,2,1,1,1,0.5,Bounsweet,grass,1
2,1,1,0.5,1,1,2,2,1,0.5,0.5,2,1,2,1,1,1,0.5,Steenee,grass,1
2,1,1,0.5,1,1,2,2,1,0.5,0.5,2,1,2,1,1,1,0.5,Tsareena,grass,1
0.5,0.5,0,1,1,0.5,1,1,1,1,1,1,1,2,1,1,2,1,Comfey,fairy,9
2,2,1,1,1,1,1,1,0,1,1,1,1,1,0.5,1,1,1,Oranguru,normal,5
0.5,0.5,1,1,2,1,1,2,1,1,1,1,1,1,2,0.5,1,1,Passimian,fighting,10
1,1,1,2,1,0.5,1,2,1,1,0.5,0.5,1,1,1,2,0.5,0.5,Wimpod,bug,4
1,1,1,2,1,0.5,1,2,1,1,0.5,0.5,1,1,1,2,0.5,0.5,Golisopod,bug,4
0.5,2,1,0,1,0,1,1,2,2,1,2,0,0.25,1,0.5,1,2,Sandygast,ghost,13
0.5,2,1,0,1,0,1,1,2,2,1,2,0,0.25,1,0.5,1,2,Palossand,ghost,13
1,1,1,2,1,1,0.5,1,1,2,1,0.5,1,1,1,1,0.5,0.5,Pyukumuku,water,3
1,1,1,1,1,2,1,1,0,1,1,1,1,1,1,1,1,1,Type: Null,normal,5
1,1,1,1,1,2,1,1,0,1,1,1,1,1,1,1,1,1,Silvally,normal,5
0.5,1,1,2,1,1,0.5,0.5,1,1,0,2,0.5,0.5,1,2,2,2,Minior,rock,12
1,1,1,1,1,2,1,1,0,1,1,1,1,1,1,1,1,1,Komala,normal,5
0.5,1,2,0.5,1,1,0.25,1,1,0.25,2,1,1,1,1,2,0.5,1,Turtonator,fire,2
0.5,1,0.5,0.5,0.5,2,2,0.25,1,0.5,4,0.5,0.5,0,0.5,0.5,0.25,1,Togedemaru,electric,7
0.25,1,0,1,1,0,1,1,2,1,1,1,0,1,1,1,2,1,Mimikyu,ghost,13
2,2,1,2,1,0.5,0.5,1,2,2,1,0.5,1,1,0.5,1,0.5,0.5,Bruxish,water,3
1,1,2,0.5,2,2,0.5,1,0,0.5,1,2,1,1,1,1,1,0.5,Drampa,normal,5
1,2,1,0.5,1,0,2,2,2,0.5,0.5,2,0,1,1,1,1,0.5,Dhelmise,ghost,13
1,1,2,0.5,2,1,0.5,1,1,0.5,1,2,1,1,1,1,1,0.5,Jangmo-o,dragon,15
0.5,0.5,2,0.5,4,1,0.5,2,1,0.5,1,2,1,1,2,0.5,1,0.5,Hakamo-o,dragon,15
0.5,0.5,2,0.5,4,1,0.5,2,1,0.5,1,2,1,1,2,0.5,1,0.5,Kommo-o,dragon,15
0.5,0.5,0,0.5,1,0.5,1,0.5,1,1,2,1,1,2,1,1,1,1,Tapu Koko,electric,7
1,1,0,1,1,0.25,1,1,2,1,1,1,1,2,0.5,1,2,1,Tapu Lele,psychic,11
1,0.5,0,0.5,1,0.5,2,2,1,0.5,0.5,2,1,4,1,1,2,0.5,Tapu Bulu,grass,1
0.5,0.5,0,2,1,0.5,0.5,1,1,2,1,0.5,1,2,1,1,1,0.5,Tapu Fini,water,3
2,2,1,1,1,0.5,1,1,2,1,1,1,1,1,0.5,1,1,1,Cosmog,psychic,11
2,2,1,1,1,0.5,1,1,2,1,1,1,1,1,0.5,1,1,1,Cosmoem,psychic,11
1,2,0.5,1,0.5,1,2,0.5,2,0.5,2,0.5,0.5,0,0.25,0.5,0.5,1,Solgaleo,psychic,11
1,4,1,1,1,0,1,1,4,1,1,1,0,0.5,0.5,1,1,1,Lunala,psychic,11
0.5,1,1,1,0.5,1,0.5,0.5,1,1,4,1,0.5,0.25,2,1,2,2,Nihilego,rock,12
0.5,0.5,1,1,2,0.5,2,4,1,0.5,0.5,1,1,1,2,1,1,1,Buzzwole,bug,4
0.5,0.5,1,1,2,0.5,2,4,1,0.5,0.5,1,1,1,2,1,1,1,Pheromosa,bug,4
1,1,1,0.5,1,1,1,0.5,1,1,2,1,1,1,1,1,0.5,1,Xurkitree,electric,7
0.25,1,0.5,2,0.5,1,2,0.5,1,0.25,0,1,0.5,0,0.5,1,0.5,1,Celesteela,steel,17
1,1,0.5,0.5,0.5,2,4,1,1,0.25,1,1,0.5,0,0.5,0.5,0.5,0.5,Kartana,grass,1
2,0.5,2,0.5,4,2,0.5,1,0.5,0.5,1,2,1,1,0,1,1,0.5,Guzzlord,dark,16
2,2,1,1,1,0.5,1,1,2,1,1,1,1,1,0.5,1,1,1,Necrozma,psychic,11
0.25,0.5,0,1,0.5,1,2,0.5,1,0.5,2,0.5,0.5,0,0.5,0.5,1,1,Magearna,steel,17
